<?xml version="1.0" encoding="UTF-8" standalone="no"?>
<!--created Tue Jun 17 09:59:55 CEST 2008--><!DOCTYPE treebolic SYSTEM "Treebolic.dtd">

<treebolic>
  <tree backcolor="48886b" expansion="0.8" forecolor="ccffcc" sweep="1.2">
    <nodes border="true" ellipsize="false" backcolor="48886b" forecolor="ccffcc">
      <img src="item.png"/>
      <node backcolor="ccffcc" forecolor="006666" id="root">
        <label>Angiosperms</label>
        <content><![CDATA[Flowering plants]]></content>
        <img src="focus.png"/>
        <node id="angiosperms-0">
          <node forecolor="00ccff" id="angiosperms-0-0">
            <label>Euangiosperms</label>
            <mountpoint>
              <a href="euangiosperms.xml"/>
            </mountpoint>
          </node>
          <node forecolor="00ccff" id="angiosperms-0-1">
            <label>Autrobaileyales</label>
            <content><![CDATA[ITA clade]]></content>
            <mountpoint>
              <a href="autrobaileyales.xml"/>
            </mountpoint>
          </node>
        </node>
        <node forecolor="00ccff" id="angiosperms-1">
          <label>Nymphaeales</label>
          <content><![CDATA[Waterlilies and relatives]]></content>
          <mountpoint>
            <a href="nymphaeales.xml"/>
          </mountpoint>
        </node>
        <node id="angiosperms-2">
          <label>Arborella trochopodia</label>
          <content><![CDATA[Amborella trichopoda is a small, evergreen, doecious shrub that occurs only in the moist, shaded understory of montane forests on the South Pacific island of New Caledonia.]]></content>
        </node>
      </node>
    </nodes>
  </tree>
</treebolic>
