<?xml version="1.0" encoding="UTF-8" standalone="no"?>
<!--created Mon Feb 23 08:07:21 CET 2015--><!DOCTYPE treebolic SYSTEM "Treebolic.dtd">
<treebolic focus-on-hover="false" popupmenu="true" statusbar="true" toolbar="true" tooltip="true" xmoveto="0.0" ymoveto="0.0">
  <tree backcolor="f8f8ff" expansion="0.9" fontface="SansSerif" forecolor="000000" orientation="radial" preserve-orientation="true" sweep="1.1">
    <nodes backcolor="ffffff" forecolor="000080" border="true" ellipsize="false">
      <img src="item.png"/>
      <default.treeedge color="000080"/>
      <node id="root">
        <label>animal</label>
        <content><![CDATA[animal]]></content>
        <img src="focus.png"/>
        <node id="animal-0">
          <label>vertebrate</label>
          <content><![CDATA[vertebrate]]></content>
          <node id="animal-0-0">
            <label>mammal</label>
            <content><![CDATA[mammal]]></content>
            <img src="mammifere.png"/>
            <mountpoint now="true">
              <a href="mammal-en.xml"/>
            </mountpoint>
          </node>
          <node id="animal-0-1">
            <label>bird</label>
            <content><![CDATA[bird]]></content>
            <img src="oiseau.png"/>
            <mountpoint now="true">
              <a href="bird-en.xml"/>
            </mountpoint>
          </node>
          <node id="animal-0-2">
            <label>reptilian</label>
            <content><![CDATA[reptilian]]></content>
            <img src="reptile.png"/>
            <node id="animal-0-2-0">
              <label>saurian</label>
              <content><![CDATA[saurian]]></content>
              <node id="animal-0-2-0-0">
                <label>lacertilian</label>
                <content><![CDATA[lacertilian]]></content>
                <node id="animal-0-2-0-0-0">
                  <label>lizard</label>
                  <content><![CDATA[lizard]]></content>
                </node>
                <node id="animal-0-2-0-0-1">
                  <label>gecko</label>
                  <content><![CDATA[gecko]]></content>
                </node>
                <node id="animal-0-2-0-0-2">
                  <label>seps</label>
                  <content><![CDATA[seps]]></content>
                </node>
                <node id="animal-0-2-0-0-3">
                  <label>slow worm</label>
                  <content><![CDATA[slow-worm]]></content>
                </node>
              </node>
              <node id="animal-0-2-0-1">
                <label>ophidian</label>
                <content><![CDATA[ophidian]]></content>
                <node id="animal-0-2-0-1-0">
                  <label>asp</label>
                  <content><![CDATA[asp]]></content>
                </node>
                <node id="animal-0-2-0-1-1">
                  <label>adder</label>
                  <content><![CDATA[adder]]></content>
                </node>
                <node id="animal-0-2-0-1-2">
                  <label>grass snake</label>
                  <content><![CDATA[grass-snake]]></content>
                </node>
              </node>
            </node>
            <node id="animal-0-2-1">
              <label>chelonian</label>
              <content><![CDATA[chelonian]]></content>
              <node id="animal-0-2-1-0">
                <label>Greek tortoise</label>
                <content><![CDATA[Greek tortoise]]></content>
              </node>
              <node id="animal-0-2-1-1">
                <label>emys</label>
                <content><![CDATA[emys]]></content>
              </node>
              <node id="animal-0-2-1-2">
                <label>leathery tortoise</label>
                <content><![CDATA[leathery tortoise]]></content>
              </node>
              <node id="animal-0-2-1-3">
                <label>hawkbill</label>
                <content><![CDATA[hawkbill]]></content>
              </node>
              <node id="animal-0-2-1-4">
                <label>loggerhead</label>
                <content><![CDATA[loggerhead]]></content>
              </node>
            </node>
            <node id="animal-0-2-2">
              <label>crocodilian</label>
              <content><![CDATA[crocodilian]]></content>
              <node id="animal-0-2-2-0">
                <label>crocodile</label>
                <content><![CDATA[crocodile]]></content>
              </node>
              <node id="animal-0-2-2-1">
                <label>alligator</label>
                <content><![CDATA[alligator]]></content>
              </node>
              <node id="animal-0-2-2-2">
                <label>cayman</label>
                <content><![CDATA[cayman]]></content>
              </node>
              <node id="animal-0-2-2-3">
                <label>gavial</label>
                <content><![CDATA[gavial]]></content>
              </node>
            </node>
          </node>
          <node id="animal-0-3">
            <label>amphibian</label>
            <content><![CDATA[amphibian]]></content>
            <img src="amphibien.png"/>
            <node id="animal-0-3-0">
              <label>anurous</label>
              <content><![CDATA[anurous]]></content>
              <node id="animal-0-3-0-0">
                <label>toad</label>
                <content><![CDATA[toad]]></content>
              </node>
              <node id="animal-0-3-0-1">
                <label>pelobatid</label>
                <content><![CDATA[pelobatid]]></content>
              </node>
              <node id="animal-0-3-0-2">
                <label>pelodytid</label>
                <content><![CDATA[pelodytid]]></content>
              </node>
              <node id="animal-0-3-0-3">
                <label>tree frog</label>
                <content><![CDATA[tree frog]]></content>
              </node>
              <node id="animal-0-3-0-4">
                <label>frog</label>
                <content><![CDATA[frog]]></content>
              </node>
            </node>
            <node id="animal-0-3-1">
              <label>urodele</label>
              <content><![CDATA[urodele]]></content>
              <node id="animal-0-3-1-0">
                <label>salamander</label>
                <content><![CDATA[salamander]]></content>
              </node>
              <node id="animal-0-3-1-1">
                <label>triton</label>
                <content><![CDATA[triton]]></content>
              </node>
            </node>
          </node>
          <node id="animal-0-4">
            <label>fish</label>
            <content><![CDATA[fish]]></content>
            <img src="poisson.png"/>
            <mountpoint now="true">
              <a href="fish-en.xml"/>
            </mountpoint>
          </node>
        </node>
        <node id="animal-1">
          <label>invertebrate</label>
          <content><![CDATA[invertebrate]]></content>
          <node id="animal-1-0">
            <label>arthropod</label>
            <content><![CDATA[arthropod]]></content>
            <node id="animal-1-0-0">
              <content><![CDATA[_arthropod1]]></content>
              <node id="animal-1-0-0-0">
                <label>myriapod</label>
                <content><![CDATA[myriapod]]></content>
                <img src="myriapode.png"/>
              </node>
              <node id="animal-1-0-0-1">
                <label>insect</label>
                <content><![CDATA[insect]]></content>
                <img src="insecte.png"/>
                <a href="insect-en.html"/>
                <mountpoint now="true">
                  <a href="insect-en.xml"/>
                </mountpoint>
              </node>
            </node>
            <node id="animal-1-0-1">
              <label>crustacean</label>
              <content><![CDATA[crustacean]]></content>
              <img src="crustace.png"/>
            </node>
            <node id="animal-1-0-2">
              <label>arachnide</label>
              <content><![CDATA[arachnide]]></content>
              <img src="arachnide.png"/>
            </node>
          </node>
          <node id="animal-1-1">
            <label>mollusc</label>
            <content><![CDATA[mollusc]]></content>
            <node id="animal-1-1-0">
              <label>gasteropod</label>
              <content><![CDATA[gasteropod]]></content>
              <img src="gasteropode.png"/>
            </node>
            <node id="animal-1-1-1">
              <label>cephalopod</label>
              <content><![CDATA[cephalopod]]></content>
              <img src="cephalopode.png"/>
            </node>
            <node id="animal-1-1-2">
              <label>lammellibranch</label>
              <content><![CDATA[lammellibranch]]></content>
              <img src="lammellibranche.png"/>
            </node>
          </node>
          <node id="animal-1-2">
            <label>worm</label>
            <content><![CDATA[worm]]></content>
            <img src="ver.png"/>
          </node>
          <node id="animal-1-3">
            <content><![CDATA[_invertebrate1]]></content>
            <node id="animal-1-3-0">
              <label>echinoderme</label>
              <content><![CDATA[echinoderme]]></content>
              <img src="echinoderme.png"/>
            </node>
            <node id="animal-1-3-1">
              <label>cnidaria</label>
              <content><![CDATA[cnidaria]]></content>
              <img src="cnidaire.png"/>
            </node>
          </node>
        </node>
      </node>
    </nodes>
  </tree>
  <tools>
    <menu>
      <menuitem action="search" match-mode="includes" match-scope="label" match-target="$e">
        <label>Search (name includes $e)</label>
      </menuitem>
      <menuitem action="search" match-mode="equals" match-scope="id" match-target="$e">
        <label>Search (id equals $e)</label>
      </menuitem>
      <menuitem action="search" match-mode="includes" match-scope="content" match-target="$e">
        <label>Search (content includes $e)</label>
      </menuitem>
      <menuitem action="goto" match-mode="includes" match-scope="id">
        <label>Go to mammals</label>
        <a href="%23mammal"/>
      </menuitem>
      <menuitem action="goto" match-mode="includes" match-scope="id">
        <label>Go to birds</label>
        <a href="%23bird"/>
      </menuitem>
      <menuitem action="goto" match-mode="includes" match-scope="id">
        <label>Go to fish</label>
        <a href="%23fish"/>
      </menuitem>
      <menuitem action="goto" match-mode="includes" match-scope="id">
        <label>Go to French</label>
        <a href="animal-fr.html"/>
      </menuitem>
    </menu>
  </tools>
</treebolic>
