<?xml version="1.0" encoding="UTF-8" standalone="no"?>
<!--created Mon Feb 23 08:07:21 CET 2015--><!DOCTYPE treebolic SYSTEM "Treebolic.dtd">
<treebolic focus-on-hover="false" popupmenu="true" statusbar="true" toolbar="true" tooltip="true" xmoveto="0.0" ymoveto="0.0">
  <tree backcolor="f8f8ff" expansion="0.9" fontface="SansSerif" forecolor="000000" orientation="radial" preserve-orientation="true" sweep="1.1">
    <nodes backcolor="ffffff" forecolor="000080" border="true" ellipsize="false">
      <img src="item.png"/>
      <default.treeedge color="000080"/>
      <node id="root">
        <label>animal</label>
        <content><![CDATA[animal]]></content>
        <img src="focus.png"/>
        <node id="animal-0">
          <label>vertebrate</label>
          <content><![CDATA[vertebrate]]></content>
          <node id="animal-0-0">
            <label>mammal</label>
            <content><![CDATA[mammal]]></content>
            <img src="mammifere.png"/>
        <node id="mammal-0">
          <label>eutherian</label>
          <content><![CDATA[eutherian]]></content>
          <node id="mammal-0-0">
            <label>carnivorous</label>
            <content><![CDATA[carnivorous]]></content>
            <node id="mammal-0-0-0">
              <label>cat</label>
              <content><![CDATA[cat]]></content>
            </node>
            <node id="mammal-0-0-1">
              <label>tiger</label>
              <content><![CDATA[tiger]]></content>
            </node>
            <node id="mammal-0-0-2">
              <label>dog</label>
              <content><![CDATA[dog]]></content>
            </node>
            <node id="mammal-0-0-3">
              <label>wolf</label>
              <content><![CDATA[wolf]]></content>
            </node>
            <node id="mammal-0-0-4">
              <label>badger</label>
              <content><![CDATA[badger]]></content>
            </node>
            <node id="mammal-0-0-5">
              <label>weasel</label>
              <content><![CDATA[weasel]]></content>
            </node>
            <node id="mammal-0-0-6">
              <label>bear</label>
              <content><![CDATA[bear]]></content>
            </node>
          </node>
          <node id="mammal-0-1">
            <label>rodent</label>
            <content><![CDATA[rodent]]></content>
            <node id="mammal-0-1-0">
              <label>rat</label>
              <content><![CDATA[rat]]></content>
            </node>
            <node id="mammal-0-1-1">
              <label>mouse</label>
              <content><![CDATA[mouse]]></content>
            </node>
            <node id="mammal-0-1-2">
              <label>squirrel</label>
              <content><![CDATA[squirrel]]></content>
            </node>
            <node id="mammal-0-1-3">
              <label>marmot</label>
              <content><![CDATA[marmot]]></content>
            </node>
            <node id="mammal-0-1-4">
              <label>rabbit</label>
              <content><![CDATA[rabbit]]></content>
            </node>
            <node id="mammal-0-1-5">
              <label>hare</label>
              <content><![CDATA[hare]]></content>
            </node>
          </node>
          <node id="mammal-0-2">
            <label>insectivorous</label>
            <content><![CDATA[insectivorous]]></content>
            <node id="mammal-0-2-0">
              <label>hedgehog</label>
              <content><![CDATA[hedgehog]]></content>
            </node>
            <node id="mammal-0-2-1">
              <label>mole</label>
              <content><![CDATA[mole]]></content>
            </node>
            <node id="mammal-0-2-2">
              <label>shrew</label>
              <content><![CDATA[shrew]]></content>
            </node>
          </node>
          <node id="mammal-0-3">
            <label>ungulate</label>
            <content><![CDATA[ungulate]]></content>
            <node id="mammal-0-3-0">
              <label>elephant</label>
              <content><![CDATA[elephant]]></content>
            </node>
            <node id="mammal-0-3-1">
              <label>rhinoceros</label>
              <content><![CDATA[rhinoceros]]></content>
            </node>
            <node id="mammal-0-3-2">
              <label>horse</label>
              <content><![CDATA[horse]]></content>
            </node>
            <node id="mammal-0-3-3">
              <label>pig</label>
              <content><![CDATA[pig]]></content>
            </node>
            <node id="mammal-0-3-4">
              <label>boar</label>
              <content><![CDATA[boar]]></content>
            </node>
            <node id="mammal-0-3-5">
              <label>hippopotamus</label>
              <content><![CDATA[hippopotamus]]></content>
            </node>
            <node id="mammal-0-3-6">
              <label>bull</label>
              <content><![CDATA[bull]]></content>
            </node>
            <node id="mammal-0-3-7">
              <label>sheep</label>
              <content><![CDATA[sheep]]></content>
            </node>
            <node id="mammal-0-3-8">
              <label>deer</label>
              <content><![CDATA[deer]]></content>
            </node>
          </node>
          <node id="mammal-0-4">
            <label>edentate</label>
            <content><![CDATA[edentate]]></content>
            <node id="mammal-0-4-0">
              <label>armadillo</label>
              <content><![CDATA[armadillo]]></content>
            </node>
            <node id="mammal-0-4-1">
              <label>anteater</label>
              <content><![CDATA[anteater]]></content>
            </node>
            <node id="mammal-0-4-2">
              <label>pangolin</label>
              <content><![CDATA[pangolin]]></content>
            </node>
          </node>
          <node id="mammal-0-5">
            <label>cetacean</label>
            <content><![CDATA[cetacean]]></content>
            <node id="mammal-0-5-0">
              <label>dolphin</label>
              <content><![CDATA[dolphin]]></content>
            </node>
            <node id="mammal-0-5-1">
              <label>porpoise</label>
              <content><![CDATA[porpoise]]></content>
            </node>
            <node id="mammal-0-5-2">
              <label>sperm whale</label>
              <content><![CDATA[sperm-whale]]></content>
            </node>
            <node id="mammal-0-5-3">
              <label>whale</label>
              <content><![CDATA[whale]]></content>
            </node>
          </node>
          <node id="mammal-0-6">
            <label>pinniped</label>
            <content><![CDATA[pinniped]]></content>
            <node id="mammal-0-6-0">
              <label>seal</label>
              <content><![CDATA[seal]]></content>
            </node>
            <node id="mammal-0-6-1">
              <label>morse</label>
              <content><![CDATA[morse]]></content>
            </node>
            <node id="mammal-0-6-2">
              <label>sea-lion</label>
              <content><![CDATA[sea-lion]]></content>
            </node>
          </node>
          <node id="mammal-0-7">
            <label>chiropteran</label>
            <content><![CDATA[chiropteran]]></content>
            <node id="mammal-0-7-0">
              <label>bat</label>
              <content><![CDATA[bat]]></content>
            </node>
          </node>
          <node id="mammal-0-8">
            <label>primate</label>
            <content><![CDATA[primate]]></content>
            <node id="mammal-0-8-0">
              <label>lemurian</label>
              <content><![CDATA[lemurian]]></content>
            </node>
            <node id="mammal-0-8-1">
              <label>monkey</label>
              <content><![CDATA[monkey]]></content>
            </node>
            <node id="mammal-0-8-2">
              <label>hominian</label>
              <content><![CDATA[hominian]]></content>
            </node>
          </node>
          <node id="mammal-0-9">
            <label>sirenian</label>
            <content><![CDATA[sirenian]]></content>
            <node id="mammal-0-9-0">
              <label>sea-cow</label>
              <content><![CDATA[sea-cow]]></content>
            </node>
          </node>
        </node>
        <node id="mammal-1">
          <label>metatherian</label>
          <content><![CDATA[metatherian]]></content>
          <node id="mammal-1-0">
            <label>kangaroo</label>
            <content><![CDATA[kangaroo]]></content>
          </node>
          <node id="mammal-1-1">
            <label>opposum</label>
            <content><![CDATA[opposum]]></content>
          </node>
        </node>
        <node id="mammal-2">
          <label>protherian</label>
          <content><![CDATA[protherian]]></content>
          <node id="mammal-2-0">
            <label>platypus</label>
            <content><![CDATA[platypus]]></content>
          </node>
          <node id="mammal-2-1">
            <label>echidna</label>
            <content><![CDATA[echidna]]></content>
          </node>
        </node>
          </node>
          <node id="animal-0-1">
            <label>bird</label>
            <content><![CDATA[bird]]></content>
            <img src="oiseau.png"/>
        <node id="bird-0">
          <label>carinate</label>
          <content><![CDATA[carinate]]></content>
          <node id="bird-0-0">
            <label>raptorial</label>
            <content><![CDATA[raptorial]]></content>
            <node id="bird-0-0-0">
              <label>eagle</label>
              <content><![CDATA[eagle]]></content>
            </node>
            <node id="bird-0-0-1">
              <label>buzzard</label>
              <content><![CDATA[buzzard]]></content>
            </node>
            <node id="bird-0-0-2">
              <label>sparrow hawk</label>
              <content><![CDATA[sparrow-hawk]]></content>
            </node>
            <node id="bird-0-0-3">
              <label>hawk</label>
              <content><![CDATA[hawk]]></content>
            </node>
            <node id="bird-0-0-4">
              <label>eagle owl</label>
              <content><![CDATA[eagle-owl]]></content>
            </node>
            <node id="bird-0-0-5">
              <label>owl</label>
              <content><![CDATA[owl]]></content>
            </node>
            <node id="bird-0-0-6">
              <label>barn owl</label>
              <content><![CDATA[barn-owl]]></content>
            </node>
          </node>
          <node id="bird-0-1">
            <label>climber</label>
            <content><![CDATA[climber]]></content>
            <node id="bird-0-1-0">
              <label>woodpecker</label>
              <content><![CDATA[woodpecker]]></content>
            </node>
            <node id="bird-0-1-1">
              <label>wryneck</label>
              <content><![CDATA[wryneck]]></content>
            </node>
            <node id="bird-0-1-2">
              <label>coucou</label>
              <content><![CDATA[coucou]]></content>
            </node>
            <node id="bird-0-1-3">
              <label>ot</label>
              <content><![CDATA[parrot]]></content>
            </node>
            <node id="bird-0-1-4">
              <label>parrakeet</label>
              <content><![CDATA[parrakeet]]></content>
            </node>
          </node>
          <node id="bird-0-2">
            <label>columbine</label>
            <content><![CDATA[columbine]]></content>
            <node id="bird-0-2-0">
              <label>pigeon</label>
              <content><![CDATA[pigeon]]></content>
            </node>
            <node id="bird-0-2-1">
              <label>turtle dove</label>
              <content><![CDATA[turtle-dove]]></content>
            </node>
          </node>
          <node id="bird-0-3">
            <label>gallinaceous</label>
            <content><![CDATA[gallinaceous]]></content>
            <node id="bird-0-3-0">
              <label>hen</label>
              <content><![CDATA[hen]]></content>
            </node>
            <node id="bird-0-3-1">
              <label>partridge</label>
              <content><![CDATA[partridge]]></content>
            </node>
            <node id="bird-0-3-2">
              <label>quail</label>
              <content><![CDATA[quail]]></content>
            </node>
            <node id="bird-0-3-3">
              <label>guinea hen</label>
              <content><![CDATA[guinea hen]]></content>
            </node>
            <node id="bird-0-3-4">
              <label>pheasant</label>
              <content><![CDATA[pheasant]]></content>
            </node>
            <node id="bird-0-3-5">
              <label>turkey</label>
              <content><![CDATA[turkey]]></content>
            </node>
            <node id="bird-0-3-6">
              <label>peacock</label>
              <content><![CDATA[peacock]]></content>
            </node>
          </node>
          <node id="bird-0-4">
            <label>wader</label>
            <content><![CDATA[wader]]></content>
            <node id="bird-0-4-0">
              <label>heron</label>
              <content><![CDATA[heron]]></content>
            </node>
            <node id="bird-0-4-1">
              <label>egret</label>
              <content><![CDATA[egret]]></content>
            </node>
            <node id="bird-0-4-2">
              <label>stork</label>
              <content><![CDATA[stork]]></content>
            </node>
            <node id="bird-0-4-3">
              <label>flamingo</label>
              <content><![CDATA[flamingo]]></content>
            </node>
            <node id="bird-0-4-4">
              <label>coot</label>
              <content><![CDATA[coot]]></content>
            </node>
            <node id="bird-0-4-5">
              <label>woodcock</label>
              <content><![CDATA[woodcock]]></content>
            </node>
            <node id="bird-0-4-6">
              <label>avocet</label>
              <content><![CDATA[avocet]]></content>
            </node>
          </node>
          <node id="bird-0-5">
            <label>palmiped</label>
            <content><![CDATA[palmiped]]></content>
            <node id="bird-0-5-0">
              <label>swan</label>
              <content><![CDATA[swan]]></content>
            </node>
            <node id="bird-0-5-1">
              <label>goose</label>
              <content><![CDATA[goose]]></content>
            </node>
            <node id="bird-0-5-2">
              <label>duck</label>
              <content><![CDATA[duck]]></content>
            </node>
            <node id="bird-0-5-3">
              <label>cormorant</label>
              <content><![CDATA[cormorant]]></content>
            </node>
            <node id="bird-0-5-4">
              <label>pelican</label>
              <content><![CDATA[pelican]]></content>
            </node>
            <node id="bird-0-5-5">
              <label>seagull</label>
              <content><![CDATA[seagull]]></content>
            </node>
            <node id="bird-0-5-6">
              <label>auk</label>
              <content><![CDATA[auk]]></content>
            </node>
            <node id="bird-0-5-7">
              <label>penguin</label>
              <content><![CDATA[penguin]]></content>
            </node>
          </node>
          <node id="bird-0-6">
            <label>passerine</label>
            <content><![CDATA[passerine]]></content>
            <node id="bird-0-6-0">
              <label>finch</label>
              <content><![CDATA[finch]]></content>
            </node>
            <node id="bird-0-6-1">
              <label>sparrow</label>
              <content><![CDATA[sparrow]]></content>
            </node>
            <node id="bird-0-6-2">
              <label>tit</label>
              <content><![CDATA[tit]]></content>
            </node>
            <node id="bird-0-6-3">
              <label>lark</label>
              <content><![CDATA[lark]]></content>
            </node>
            <node id="bird-0-6-4">
              <label>warbler</label>
              <content><![CDATA[warbler]]></content>
            </node>
            <node id="bird-0-6-5">
              <label>swallow</label>
              <content><![CDATA[swallow]]></content>
            </node>
            <node id="bird-0-6-6">
              <label>swift</label>
              <content><![CDATA[swift]]></content>
            </node>
            <node id="bird-0-6-7">
              <label>magpie</label>
              <content><![CDATA[magpie]]></content>
            </node>
            <node id="bird-0-6-8">
              <label>crow</label>
              <content><![CDATA[crow]]></content>
            </node>
          </node>
        </node>
        <node id="bird-1">
          <label>ratite</label>
          <content><![CDATA[ratite]]></content>
          <node id="bird-1-0">
            <label>ostrich</label>
            <content><![CDATA[ostrich]]></content>
          </node>
          <node id="bird-1-1">
            <label>kiwi</label>
            <content><![CDATA[kiwi]]></content>
          </node>
          <node id="bird-1-2">
            <label>cassowary</label>
            <content><![CDATA[cassowary]]></content>
          </node>
          <node id="bird-1-3">
            <label>nandu</label>
            <content><![CDATA[nandu]]></content>
          </node>
        </node>
          </node>
          <node id="animal-0-2">
            <label>reptilian</label>
            <content><![CDATA[reptilian]]></content>
            <img src="reptile.png"/>
            <node id="animal-0-2-0">
              <label>saurian</label>
              <content><![CDATA[saurian]]></content>
              <node id="animal-0-2-0-0">
                <label>lacertilian</label>
                <content><![CDATA[lacertilian]]></content>
                <node id="animal-0-2-0-0-0">
                  <label>lizard</label>
                  <content><![CDATA[lizard]]></content>
                </node>
                <node id="animal-0-2-0-0-1">
                  <label>gecko</label>
                  <content><![CDATA[gecko]]></content>
                </node>
                <node id="animal-0-2-0-0-2">
                  <label>seps</label>
                  <content><![CDATA[seps]]></content>
                </node>
                <node id="animal-0-2-0-0-3">
                  <label>slow worm</label>
                  <content><![CDATA[slow-worm]]></content>
                </node>
              </node>
              <node id="animal-0-2-0-1">
                <label>ophidian</label>
                <content><![CDATA[ophidian]]></content>
                <node id="animal-0-2-0-1-0">
                  <label>asp</label>
                  <content><![CDATA[asp]]></content>
                </node>
                <node id="animal-0-2-0-1-1">
                  <label>adder</label>
                  <content><![CDATA[adder]]></content>
                </node>
                <node id="animal-0-2-0-1-2">
                  <label>grass snake</label>
                  <content><![CDATA[grass-snake]]></content>
                </node>
              </node>
            </node>
            <node id="animal-0-2-1">
              <label>chelonian</label>
              <content><![CDATA[chelonian]]></content>
              <node id="animal-0-2-1-0">
                <label>Greek tortoise</label>
                <content><![CDATA[Greek tortoise]]></content>
              </node>
              <node id="animal-0-2-1-1">
                <label>emys</label>
                <content><![CDATA[emys]]></content>
              </node>
              <node id="animal-0-2-1-2">
                <label>leathery tortoise</label>
                <content><![CDATA[leathery tortoise]]></content>
              </node>
              <node id="animal-0-2-1-3">
                <label>hawkbill</label>
                <content><![CDATA[hawkbill]]></content>
              </node>
              <node id="animal-0-2-1-4">
                <label>loggerhead</label>
                <content><![CDATA[loggerhead]]></content>
              </node>
            </node>
            <node id="animal-0-2-2">
              <label>crocodilian</label>
              <content><![CDATA[crocodilian]]></content>
              <node id="animal-0-2-2-0">
                <label>crocodile</label>
                <content><![CDATA[crocodile]]></content>
              </node>
              <node id="animal-0-2-2-1">
                <label>alligator</label>
                <content><![CDATA[alligator]]></content>
              </node>
              <node id="animal-0-2-2-2">
                <label>cayman</label>
                <content><![CDATA[cayman]]></content>
              </node>
              <node id="animal-0-2-2-3">
                <label>gavial</label>
                <content><![CDATA[gavial]]></content>
              </node>
            </node>
          </node>
          <node id="animal-0-3">
            <label>amphibian</label>
            <content><![CDATA[amphibian]]></content>
            <img src="amphibien.png"/>
            <node id="animal-0-3-0">
              <label>anurous</label>
              <content><![CDATA[anurous]]></content>
              <node id="animal-0-3-0-0">
                <label>toad</label>
                <content><![CDATA[toad]]></content>
              </node>
              <node id="animal-0-3-0-1">
                <label>pelobatid</label>
                <content><![CDATA[pelobatid]]></content>
              </node>
              <node id="animal-0-3-0-2">
                <label>pelodytid</label>
                <content><![CDATA[pelodytid]]></content>
              </node>
              <node id="animal-0-3-0-3">
                <label>tree frog</label>
                <content><![CDATA[tree frog]]></content>
              </node>
              <node id="animal-0-3-0-4">
                <label>frog</label>
                <content><![CDATA[frog]]></content>
              </node>
            </node>
            <node id="animal-0-3-1">
              <label>urodele</label>
              <content><![CDATA[urodele]]></content>
              <node id="animal-0-3-1-0">
                <label>salamander</label>
                <content><![CDATA[salamander]]></content>
              </node>
              <node id="animal-0-3-1-1">
                <label>triton</label>
                <content><![CDATA[triton]]></content>
              </node>
            </node>
          </node>
          <node id="animal-0-4">
            <label>fish</label>
            <content><![CDATA[fish]]></content>
            <img src="poisson.png"/>
        <node id="fish-0">
          <label>elasmobranch</label>
          <content><![CDATA[elasmobranch]]></content>
          <node id="fish-0-0">
            <label>selachian</label>
            <content><![CDATA[selachian]]></content>
            <node id="fish-0-0-0">
              <label>dogfish</label>
              <content><![CDATA[dogfish]]></content>
            </node>
            <node id="fish-0-0-1">
              <label>squale</label>
              <content><![CDATA[squale]]></content>
            </node>
            <node id="fish-0-0-2">
              <label>ray</label>
              <content><![CDATA[ray]]></content>
            </node>
            <node id="fish-0-0-3">
              <label>torpedo</label>
              <content><![CDATA[torpedo]]></content>
            </node>
          </node>
          <node id="fish-0-1">
            <label>holocephaleous</label>
            <content><![CDATA[holocephaleous]]></content>
            <node id="fish-0-1-0">
              <label>chimaera</label>
              <content><![CDATA[chimaera]]></content>
            </node>
          </node>
          <node id="fish-0-2">
            <label>ganoid</label>
            <content><![CDATA[ganoid]]></content>
            <node id="fish-0-2-0">
              <label>sturgeon</label>
              <content><![CDATA[sturgeon]]></content>
            </node>
          </node>
        </node>
        <node id="fish-1">
          <label>teleostomi</label>
          <content><![CDATA[teleostomi]]></content>
          <node id="fish-1-0">
            <label>herring</label>
            <content><![CDATA[herring]]></content>
          </node>
          <node id="fish-1-1">
            <label>sardine</label>
            <content><![CDATA[sardine]]></content>
          </node>
          <node id="fish-1-2">
            <label>trout</label>
            <content><![CDATA[trout]]></content>
          </node>
          <node id="fish-1-3">
            <label>salmon</label>
            <content><![CDATA[salmon]]></content>
          </node>
          <node id="fish-1-4">
            <label>carp</label>
            <content><![CDATA[carp]]></content>
          </node>
          <node id="fish-1-5">
            <label>tench</label>
            <content><![CDATA[tench]]></content>
          </node>
          <node id="fish-1-6">
            <label>roach</label>
            <content><![CDATA[roach]]></content>
          </node>
          <node id="fish-1-7">
            <label>spike</label>
            <content><![CDATA[spike]]></content>
          </node>
          <node id="fish-1-8">
            <label>eel</label>
            <content><![CDATA[eel]]></content>
          </node>
          <node id="fish-1-9">
            <label>cod</label>
            <content><![CDATA[cod]]></content>
          </node>
          <node id="fish-1-10">
            <label>whiting</label>
            <content><![CDATA[whiting]]></content>
          </node>
          <node id="fish-1-11">
            <label>limanda</label>
            <content><![CDATA[limanda]]></content>
          </node>
          <node id="fish-1-12">
            <label>plaice</label>
            <content><![CDATA[plaice]]></content>
          </node>
          <node id="fish-1-13">
            <label>sole</label>
            <content><![CDATA[sole]]></content>
          </node>
          <node id="fish-1-14">
            <label>mullet</label>
            <content><![CDATA[mullet]]></content>
          </node>
          <node id="fish-1-15">
            <label>stickleback</label>
            <content><![CDATA[stickleback]]></content>
          </node>
          <node id="fish-1-16">
            <label>sea-horse</label>
            <content><![CDATA[sea-horse]]></content>
          </node>
          <node id="fish-1-17">
            <label>perch</label>
            <content><![CDATA[perch]]></content>
          </node>
          <node id="fish-1-18">
            <label>serranid</label>
            <content><![CDATA[serranid]]></content>
          </node>
          <node id="fish-1-19">
            <label>chrysophrys</label>
            <content><![CDATA[chrysophrys]]></content>
          </node>
          <node id="fish-1-20">
            <label>red mullet</label>
            <content><![CDATA[red mullet]]></content>
          </node>
          <node id="fish-1-21">
            <label>mackerel</label>
            <content><![CDATA[rel]]></content>
          </node>
          <node id="fish-1-22">
            <label>tuna</label>
            <content><![CDATA[tuna]]></content>
          </node>
          <node id="fish-1-23">
            <label>scorpion fish</label>
            <content><![CDATA[scorpion fish]]></content>
          </node>
          <node id="fish-1-24">
            <label>red gurnet</label>
            <content><![CDATA[red gurnet]]></content>
          </node>
        </node>
        <node id="fish-2">
          <label>dipneusti</label>
          <content><![CDATA[dipneusti]]></content>
          <node id="fish-2-0">
            <label>ceratodus</label>
            <content><![CDATA[ceratodus]]></content>
          </node>
          <node id="fish-2-1">
            <label>protopterous</label>
            <content><![CDATA[protopterous]]></content>
          </node>
          <node id="fish-2-2">
            <label>lepidosiren</label>
            <content><![CDATA[lepidosiren]]></content>
          </node>
        </node>
          </node>
        </node>
        <node id="animal-1">
          <label>invertebrate</label>
          <content><![CDATA[invertebrate]]></content>
          <node id="animal-1-0">
            <label>arthropod</label>
            <content><![CDATA[arthropod]]></content>
            <node id="animal-1-0-0">
              <content><![CDATA[_arthropod1]]></content>
              <node id="animal-1-0-0-0">
                <label>myriapod</label>
                <content><![CDATA[myriapod]]></content>
                <img src="myriapode.png"/>
              </node>
              <node id="animal-1-0-0-1">
                <label>insect</label>
                <content><![CDATA[insect]]></content>
                <img src="insecte.png"/>
                <a href="insect-en.html"/>
        <node id="insect-0">
          <label>incomplete metamorphosis</label>
          <content><![CDATA[incomplete metamorphosis]]></content>
          <node id="insect-0-0">
            <label>orthopteran</label>
            <content><![CDATA[orthopteran]]></content>
            <node id="insect-0-0-0">
              <label>locust</label>
              <content><![CDATA[locust]]></content>
            </node>
            <node id="insect-0-0-1">
              <label>cricket</label>
              <content><![CDATA[cricket]]></content>
            </node>
            <node id="insect-0-0-2">
              <label>grasshopper</label>
              <content><![CDATA[grasshopper]]></content>
            </node>
            <node id="insect-0-0-3">
              <label>cockroach</label>
              <content><![CDATA[cockroach]]></content>
            </node>
            <node id="insect-0-0-4">
              <label>praying mantis</label>
              <content><![CDATA[praying mantis]]></content>
            </node>
            <node id="insect-0-0-5">
              <label>mole cricket</label>
              <content><![CDATA[mole-cricket]]></content>
            </node>
          </node>
          <node id="insect-0-1">
            <label>dermapteran</label>
            <content><![CDATA[dermapteran]]></content>
            <node id="insect-0-1-0">
              <label>earwig</label>
              <content><![CDATA[earwig]]></content>
            </node>
          </node>
          <node id="insect-0-2">
            <label>plecopteran</label>
            <content><![CDATA[plecopteran]]></content>
            <node id="insect-0-2-0">
              <label>ephemera</label>
              <content><![CDATA[ephemera]]></content>
            </node>
          </node>
          <node id="insect-0-3">
            <label>odonate</label>
            <content><![CDATA[odonate]]></content>
            <node id="insect-0-3-0">
              <label>dragonfly</label>
              <content><![CDATA[dragonfly]]></content>
            </node>
            <node id="insect-0-3-1">
              <label>agrion</label>
              <content><![CDATA[agrion]]></content>
            </node>
            <node id="insect-0-3-2">
              <label>calopteryx</label>
              <content><![CDATA[calopteryx]]></content>
            </node>
          </node>
          <node id="insect-0-4">
            <label>isopteran</label>
            <content><![CDATA[isopteran]]></content>
            <node id="insect-0-4-0">
              <label>termite</label>
              <content><![CDATA[termite]]></content>
            </node>
          </node>
          <node id="insect-0-5">
            <label>hemipteran</label>
            <content><![CDATA[hemipteran]]></content>
            <node id="insect-0-5-0">
              <label>cicada</label>
              <content><![CDATA[cicada]]></content>
            </node>
            <node id="insect-0-5-1">
              <label>bug</label>
              <content><![CDATA[bug]]></content>
            </node>
            <node id="insect-0-5-2">
              <label>water spider</label>
              <content><![CDATA[water spider]]></content>
            </node>
            <node id="insect-0-5-3">
              <label>water scorpion</label>
              <content><![CDATA[water scorpion]]></content>
            </node>
            <node id="insect-0-5-4">
              <label>raratre</label>
              <content><![CDATA[raratre]]></content>
            </node>
            <node id="insect-0-5-5">
              <label>greenfly</label>
              <content><![CDATA[greenfly]]></content>
            </node>
            <node id="insect-0-5-6">
              <label>cochineal</label>
              <content><![CDATA[cochineal]]></content>
            </node>
          </node>
          <node id="insect-0-6">
            <label>anopluran</label>
            <content><![CDATA[anopluran]]></content>
            <node id="insect-0-6-0">
              <label>louse</label>
              <content><![CDATA[louse]]></content>
            </node>
          </node>
        </node>
        <node id="insect-1">
          <label>full metamorphosis</label>
          <content><![CDATA[full metamorphosis]]></content>
          <node id="insect-1-0">
            <label>coleopteran</label>
            <content><![CDATA[coleopteran]]></content>
            <node id="insect-1-0-0">
              <label>maybug</label>
              <content><![CDATA[maybug]]></content>
            </node>
            <node id="insect-1-0-1">
              <label>carabus</label>
              <content><![CDATA[carabus]]></content>
            </node>
            <node id="insect-1-0-2">
              <label>beetle</label>
              <content><![CDATA[beetle]]></content>
            </node>
            <node id="insect-1-0-3">
              <label>hydrophilus</label>
              <content><![CDATA[hydrophilus]]></content>
            </node>
            <node id="insect-1-0-4">
              <label>water beetle</label>
              <content><![CDATA[water-beetle]]></content>
            </node>
            <node id="insect-1-0-5">
              <label>ladybird</label>
              <content><![CDATA[ladybird]]></content>
            </node>
            <node id="insect-1-0-6">
              <label>tiger-beetle</label>
              <content><![CDATA[tiger-beetle]]></content>
            </node>
          </node>
          <node id="insect-1-1">
            <label>nevropteran</label>
            <content><![CDATA[nevropteran]]></content>
            <node id="insect-1-1-0">
              <label>ant-lion</label>
              <content><![CDATA[ant-lion]]></content>
            </node>
            <node id="insect-1-1-1">
              <label>caddis fly</label>
              <content><![CDATA[caddis fly]]></content>
            </node>
            <node id="insect-1-1-2">
              <label>chrysopa</label>
              <content><![CDATA[chrysopa]]></content>
            </node>
            <node id="insect-1-1-3">
              <label>scorpion fly</label>
              <content><![CDATA[scorpion fly]]></content>
            </node>
          </node>
          <node id="insect-1-2">
            <label>lepidopteran</label>
            <content><![CDATA[lepidopteran]]></content>
            <node id="insect-1-2-0">
              <label>butterfly</label>
              <content><![CDATA[butterfly]]></content>
            </node>
          </node>
          <node id="insect-1-3">
            <label>dipteran</label>
            <content><![CDATA[dipteran]]></content>
            <node id="insect-1-3-0">
              <label>mosquito</label>
              <content><![CDATA[mosquito]]></content>
            </node>
            <node id="insect-1-3-1">
              <label>fly</label>
              <content><![CDATA[fly]]></content>
            </node>
          </node>
          <node id="insect-1-4">
            <label>hymenopteran</label>
            <content><![CDATA[hymenopteran]]></content>
            <node id="insect-1-4-0">
              <label>bee</label>
              <content><![CDATA[bee]]></content>
            </node>
            <node id="insect-1-4-1">
              <label>wasp</label>
              <content><![CDATA[wasp]]></content>
            </node>
            <node id="insect-1-4-2">
              <label>ant</label>
              <content><![CDATA[ant]]></content>
            </node>
            <node id="insect-1-4-3">
              <label>sphex</label>
              <content><![CDATA[sphex]]></content>
            </node>
            <node id="insect-1-4-4">
              <label>ichneumon</label>
              <content><![CDATA[ichneumon]]></content>
            </node>
            <node id="insect-1-4-5">
              <label>ammophila</label>
              <content><![CDATA[ammophila]]></content>
            </node>
          </node>
          <node id="insect-1-5">
            <label>siphonapteran</label>
            <content><![CDATA[siphonapteran]]></content>
            <node id="insect-1-5-0">
              <label>flea</label>
              <content><![CDATA[flea]]></content>
            </node>
          </node>
        </node>
              </node>
            </node>
            <node id="animal-1-0-1">
              <label>crustacean</label>
              <content><![CDATA[crustacean]]></content>
              <img src="crustace.png"/>
            </node>
            <node id="animal-1-0-2">
              <label>arachnide</label>
              <content><![CDATA[arachnide]]></content>
              <img src="arachnide.png"/>
            </node>
          </node>
          <node id="animal-1-1">
            <label>mollusc</label>
            <content><![CDATA[mollusc]]></content>
            <node id="animal-1-1-0">
              <label>gasteropod</label>
              <content><![CDATA[gasteropod]]></content>
              <img src="gasteropode.png"/>
            </node>
            <node id="animal-1-1-1">
              <label>cephalopod</label>
              <content><![CDATA[cephalopod]]></content>
              <img src="cephalopode.png"/>
            </node>
            <node id="animal-1-1-2">
              <label>lammellibranch</label>
              <content><![CDATA[lammellibranch]]></content>
              <img src="lammellibranche.png"/>
            </node>
          </node>
          <node id="animal-1-2">
            <label>worm</label>
            <content><![CDATA[worm]]></content>
            <img src="ver.png"/>
          </node>
          <node id="animal-1-3">
            <content><![CDATA[_invertebrate1]]></content>
            <node id="animal-1-3-0">
              <label>echinoderme</label>
              <content><![CDATA[echinoderme]]></content>
              <img src="echinoderme.png"/>
            </node>
            <node id="animal-1-3-1">
              <label>cnidaria</label>
              <content><![CDATA[cnidaria]]></content>
              <img src="cnidaire.png"/>
            </node>
          </node>
        </node>
      </node>
    </nodes>
  </tree>
  <tools>
    <menu>
      <menuitem action="search" match-mode="includes" match-scope="label" match-target="$e">
        <label>Search (name includes $e)</label>
      </menuitem>
      <menuitem action="search" match-mode="equals" match-scope="id" match-target="$e">
        <label>Search (id equals $e)</label>
      </menuitem>
      <menuitem action="search" match-mode="includes" match-scope="content" match-target="$e">
        <label>Search (content includes $e)</label>
      </menuitem>
      <menuitem action="goto" match-mode="includes" match-scope="id">
        <label>Go to mammals</label>
        <a href="%23mammal"/>
      </menuitem>
      <menuitem action="goto" match-mode="includes" match-scope="id">
        <label>Go to birds</label>
        <a href="%23bird"/>
      </menuitem>
      <menuitem action="goto" match-mode="includes" match-scope="id">
        <label>Go to fish</label>
        <a href="%23fish"/>
      </menuitem>
      <menuitem action="goto" match-mode="includes" match-scope="id">
        <label>Go to French</label>
        <a href="animal-fr.html"/>
      </menuitem>
    </menu>
  </tools>
</treebolic>
