<?xml version="1.0" encoding="UTF-8" standalone="no"?>
<!--created Thu Jun 19 19:20:51 CEST 2008--><!DOCTYPE treebolic SYSTEM "Treebolic.dtd">

<treebolic focus-on-hover="false" popupmenu="true" statusbar="true" toolbar="true" tooltip="true" xmoveto="0.0" ymoveto="0.0">
  <tree backcolor="f8f8ff" expansion="0.9" fontface="SansSerif" forecolor="000000" orientation="radial" preserve-orientation="true" sweep="1.1">
    <nodes backcolor="ffffff" forecolor="000080" border="true" ellipsize="false">
      <img src="item.png"/>
      <default.treeedge color="000080"/>
      <node id="root">
        <label>animal</label>
        <content><![CDATA[animal]]></content>
        <img src="focus.png"/>
        <node id="animal-0">
          <label>vertébré</label>
          <content><![CDATA[vertébré]]></content>
          <node id="animal-0-0">
            <label>mammifère</label>
            <content><![CDATA[mammifère]]></content>
            <img src="mammifere.png"/>
        <node id="mammal-0">
          <label>euthérien</label>
          <content><![CDATA[euthérien]]></content>
          <node id="mammal-0-0">
            <label>carnivore</label>
            <content><![CDATA[carnivore]]></content>
            <node id="mammal-0-0-0">
              <label>chat</label>
              <content><![CDATA[chat]]></content>
            </node>
            <node id="mammal-0-0-1">
              <label>tigre</label>
              <content><![CDATA[tigre]]></content>
            </node>
            <node id="mammal-0-0-2">
              <label>chien</label>
              <content><![CDATA[chien]]></content>
            </node>
            <node id="mammal-0-0-3">
              <label>loup</label>
              <content><![CDATA[loup]]></content>
            </node>
            <node id="mammal-0-0-4">
              <label>blaireau</label>
              <content><![CDATA[blaireau]]></content>
            </node>
            <node id="mammal-0-0-5">
              <label>belette</label>
              <content><![CDATA[belette]]></content>
            </node>
            <node id="mammal-0-0-6">
              <label>ours</label>
              <content><![CDATA[ours]]></content>
            </node>
          </node>
          <node id="mammal-0-1">
            <label>rongeur</label>
            <content><![CDATA[rongeur]]></content>
            <node id="mammal-0-1-0">
              <label>rat</label>
              <content><![CDATA[rat]]></content>
            </node>
            <node id="mammal-0-1-1">
              <label>souris</label>
              <content><![CDATA[souris]]></content>
            </node>
            <node id="mammal-0-1-2">
              <label>écureuil</label>
              <content><![CDATA[écureuil]]></content>
            </node>
            <node id="mammal-0-1-3">
              <label>marmotte</label>
              <content><![CDATA[marmotte]]></content>
            </node>
            <node id="mammal-0-1-4">
              <label>lapin</label>
              <content><![CDATA[lapin]]></content>
            </node>
            <node id="mammal-0-1-5">
              <label>lièvre</label>
              <content><![CDATA[lièvre]]></content>
            </node>
          </node>
          <node id="mammal-0-2">
            <label>insectivore</label>
            <content><![CDATA[insectivore]]></content>
            <node id="mammal-0-2-0">
              <label>hérisson</label>
              <content><![CDATA[hérisson]]></content>
            </node>
            <node id="mammal-0-2-1">
              <label>taupe</label>
              <content><![CDATA[taupe]]></content>
            </node>
            <node id="mammal-0-2-2">
              <label>musaraigne</label>
              <content><![CDATA[musaraigne]]></content>
            </node>
          </node>
          <node id="mammal-0-3">
            <label>ongulé</label>
            <content><![CDATA[ongulé]]></content>
            <node id="mammal-0-3-0">
              <label>éléphant</label>
              <content><![CDATA[éléphant]]></content>
            </node>
            <node id="mammal-0-3-1">
              <label>rhinocéros</label>
              <content><![CDATA[rhinocéros]]></content>
            </node>
            <node id="mammal-0-3-2">
              <label>cheval</label>
              <content><![CDATA[cheval]]></content>
            </node>
            <node id="mammal-0-3-3">
              <label>porc</label>
              <content><![CDATA[porc]]></content>
            </node>
            <node id="mammal-0-3-4">
              <label>sanglier</label>
              <content><![CDATA[sanglier]]></content>
            </node>
            <node id="mammal-0-3-5">
              <label>otame</label>
              <content><![CDATA[hippopotame]]></content>
            </node>
            <node id="mammal-0-3-6">
              <label>boeuf</label>
              <content><![CDATA[boeuf]]></content>
            </node>
            <node id="mammal-0-3-7">
              <label>mouton</label>
              <content><![CDATA[mouton]]></content>
            </node>
            <node id="mammal-0-3-8">
              <label>cerf</label>
              <content><![CDATA[cerf]]></content>
            </node>
          </node>
          <node id="mammal-0-4">
            <label>édentés</label>
            <content><![CDATA[édentés]]></content>
            <node id="mammal-0-4-0">
              <label>tatou</label>
              <content><![CDATA[tatou]]></content>
            </node>
            <node id="mammal-0-4-1">
              <label>fourmilier</label>
              <content><![CDATA[fourmilier]]></content>
            </node>
            <node id="mammal-0-4-2">
              <label>pangolin</label>
              <content><![CDATA[pangolin]]></content>
            </node>
          </node>
          <node id="mammal-0-5">
            <label>cétacé</label>
            <content><![CDATA[cétacé]]></content>
            <node id="mammal-0-5-0">
              <label>dauphin</label>
              <content><![CDATA[dauphin]]></content>
            </node>
            <node id="mammal-0-5-1">
              <label>marsouin</label>
              <content><![CDATA[marsouin]]></content>
            </node>
            <node id="mammal-0-5-2">
              <label>cachalot</label>
              <content><![CDATA[cachalot]]></content>
            </node>
            <node id="mammal-0-5-3">
              <label>baleine</label>
              <content><![CDATA[baleine]]></content>
            </node>
          </node>
          <node id="mammal-0-6">
            <label>pinnipède</label>
            <content><![CDATA[pinnipède]]></content>
            <node id="mammal-0-6-0">
              <label>phoque</label>
              <content><![CDATA[phoque]]></content>
            </node>
            <node id="mammal-0-6-1">
              <label>morse</label>
              <content><![CDATA[morse]]></content>
            </node>
            <node id="mammal-0-6-2">
              <label>otarie</label>
              <content><![CDATA[otarie]]></content>
            </node>
          </node>
          <node id="mammal-0-7">
            <label>chéiroptère</label>
            <content><![CDATA[chéiroptère]]></content>
            <node id="mammal-0-7-0">
              <label>chauve-souris</label>
              <content><![CDATA[chauve-souris]]></content>
            </node>
          </node>
          <node id="mammal-0-8">
            <label>primate</label>
            <content><![CDATA[primate]]></content>
            <node id="mammal-0-8-0">
              <label>lémurien</label>
              <content><![CDATA[lémurien]]></content>
            </node>
            <node id="mammal-0-8-1">
              <label>singe</label>
              <content><![CDATA[singe]]></content>
            </node>
            <node id="mammal-0-8-2">
              <label>hominien</label>
              <content><![CDATA[hominien]]></content>
            </node>
          </node>
          <node id="mammal-0-9">
            <label>sirénien</label>
            <content><![CDATA[sirénien]]></content>
            <node id="mammal-0-9-0">
              <label>lamantin</label>
              <content><![CDATA[lamantin]]></content>
            </node>
          </node>
        </node>
        <node id="mammal-1">
          <label>métathérien</label>
          <content><![CDATA[métathérien]]></content>
          <node id="mammal-1-0">
            <label>kangourou</label>
            <content><![CDATA[kangourou]]></content>
          </node>
          <node id="mammal-1-1">
            <label>sarigue</label>
            <content><![CDATA[sarigue]]></content>
          </node>
        </node>
        <node id="mammal-2">
          <label>prothérien</label>
          <content><![CDATA[prothérien]]></content>
          <node id="mammal-2-0">
            <label>ornithorhynque</label>
            <content><![CDATA[ornithorhynque]]></content>
          </node>
          <node id="mammal-2-1">
            <label>echidné</label>
            <content><![CDATA[echidné]]></content>
          </node>
        </node>
          </node>
          <node id="animal-0-1">
            <label>oiseau</label>
            <content><![CDATA[oiseau]]></content>
            <img src="oiseau.png"/>
        <node id="bird-0">
          <label>carinate</label>
          <content><![CDATA[carinate]]></content>
          <node id="bird-0-0">
            <label>rapace</label>
            <content><![CDATA[rapace]]></content>
            <node id="bird-0-0-0">
              <label>aigle</label>
              <content><![CDATA[aigle]]></content>
            </node>
            <node id="bird-0-0-1">
              <label>buse</label>
              <content><![CDATA[buse]]></content>
            </node>
            <node id="bird-0-0-2">
              <label>épervier</label>
              <content><![CDATA[épervier]]></content>
            </node>
            <node id="bird-0-0-3">
              <label>faucon</label>
              <content><![CDATA[faucon]]></content>
            </node>
            <node id="bird-0-0-4">
              <label>hibou</label>
              <content><![CDATA[hibou]]></content>
            </node>
            <node id="bird-0-0-5">
              <label>chouette</label>
              <content><![CDATA[chouette]]></content>
            </node>
            <node id="bird-0-0-6">
              <label>effraie</label>
              <content><![CDATA[effraie]]></content>
            </node>
          </node>
          <node id="bird-0-1">
            <label>grimpeur</label>
            <content><![CDATA[grimpeur]]></content>
            <node id="bird-0-1-0">
              <label>pic</label>
              <content><![CDATA[pic]]></content>
            </node>
            <node id="bird-0-1-1">
              <label>torcol</label>
              <content><![CDATA[torcol]]></content>
            </node>
            <node id="bird-0-1-2">
              <label>coucou</label>
              <content><![CDATA[coucou]]></content>
            </node>
            <node id="bird-0-1-3">
              <label>perroquet</label>
              <content><![CDATA[perroquet]]></content>
            </node>
            <node id="bird-0-1-4">
              <label>perruche</label>
              <content><![CDATA[perruche]]></content>
            </node>
          </node>
          <node id="bird-0-2">
            <label>colombin</label>
            <content><![CDATA[colombin]]></content>
            <node id="bird-0-2-0">
              <label>pigeon</label>
              <content><![CDATA[pigeon]]></content>
            </node>
            <node id="bird-0-2-1">
              <label>tourterelle</label>
              <content><![CDATA[tourterelle]]></content>
            </node>
          </node>
          <node id="bird-0-3">
            <label>gallinacé</label>
            <content><![CDATA[gallinacé]]></content>
            <node id="bird-0-3-0">
              <label>coq/poule</label>
              <content><![CDATA[coq/poule]]></content>
            </node>
            <node id="bird-0-3-1">
              <label>perdrix</label>
              <content><![CDATA[perdrix]]></content>
            </node>
            <node id="bird-0-3-2">
              <label>caille</label>
              <content><![CDATA[caille]]></content>
            </node>
            <node id="bird-0-3-3">
              <label>pintade</label>
              <content><![CDATA[pintade]]></content>
            </node>
            <node id="bird-0-3-4">
              <label>faisan</label>
              <content><![CDATA[faisan]]></content>
            </node>
            <node id="bird-0-3-5">
              <label>dindon</label>
              <content><![CDATA[dindon]]></content>
            </node>
            <node id="bird-0-3-6">
              <label>paon</label>
              <content><![CDATA[paon]]></content>
            </node>
          </node>
          <node id="bird-0-4">
            <label>échassier</label>
            <content><![CDATA[échassier]]></content>
            <node id="bird-0-4-0">
              <label>héron</label>
              <content><![CDATA[héron]]></content>
            </node>
            <node id="bird-0-4-1">
              <label>aigrette</label>
              <content><![CDATA[aigrette]]></content>
            </node>
            <node id="bird-0-4-2">
              <label>cigogne</label>
              <content><![CDATA[cigogne]]></content>
            </node>
            <node id="bird-0-4-3">
              <label>flamant</label>
              <content><![CDATA[flamant]]></content>
            </node>
            <node id="bird-0-4-4">
              <label>foulque</label>
              <content><![CDATA[foulque]]></content>
            </node>
            <node id="bird-0-4-5">
              <label>bécasse</label>
              <content><![CDATA[bécasse]]></content>
            </node>
            <node id="bird-0-4-6">
              <label>avocette</label>
              <content><![CDATA[tte]]></content>
            </node>
          </node>
          <node id="bird-0-5">
            <label>palmipède</label>
            <content><![CDATA[palmipède]]></content>
            <node id="bird-0-5-0">
              <label>cygne</label>
              <content><![CDATA[cygne]]></content>
            </node>
            <node id="bird-0-5-1">
              <label>oie</label>
              <content><![CDATA[oie]]></content>
            </node>
            <node id="bird-0-5-2">
              <label>canard</label>
              <content><![CDATA[canard]]></content>
            </node>
            <node id="bird-0-5-3">
              <label>cormoran</label>
              <content><![CDATA[cormoran]]></content>
            </node>
            <node id="bird-0-5-4">
              <label>pélican</label>
              <content><![CDATA[pélican]]></content>
            </node>
            <node id="bird-0-5-5">
              <label>mouette</label>
              <content><![CDATA[mouette]]></content>
            </node>
            <node id="bird-0-5-6">
              <label>pingouin</label>
              <content><![CDATA[pingouin]]></content>
            </node>
            <node id="bird-0-5-7">
              <label>manchot</label>
              <content><![CDATA[manchot]]></content>
            </node>
          </node>
          <node id="bird-0-6">
            <label>passereau</label>
            <content><![CDATA[passereau]]></content>
            <node id="bird-0-6-0">
              <label>pinson</label>
              <content><![CDATA[pinson]]></content>
            </node>
            <node id="bird-0-6-1">
              <label>moineau</label>
              <content><![CDATA[moineau]]></content>
            </node>
            <node id="bird-0-6-2">
              <label>mésange</label>
              <content><![CDATA[mésange]]></content>
            </node>
            <node id="bird-0-6-3">
              <label>alouette</label>
              <content><![CDATA[alouette]]></content>
            </node>
            <node id="bird-0-6-4">
              <label>fauvette</label>
              <content><![CDATA[fauvette]]></content>
            </node>
            <node id="bird-0-6-5">
              <label>hirondelle</label>
              <content><![CDATA[hirondelle]]></content>
            </node>
            <node id="bird-0-6-6">
              <label>martinet</label>
              <content><![CDATA[martinet]]></content>
            </node>
            <node id="bird-0-6-7">
              <label>pie</label>
              <content><![CDATA[pie]]></content>
            </node>
            <node id="bird-0-6-8">
              <label>corbeau</label>
              <content><![CDATA[corbeau]]></content>
            </node>
          </node>
        </node>
        <node id="bird-1">
          <label>ratite</label>
          <content><![CDATA[ratite]]></content>
          <node id="bird-1-0">
            <label>autruche</label>
            <content><![CDATA[autruche]]></content>
          </node>
          <node id="bird-1-1">
            <label>kiwi</label>
            <content><![CDATA[kiwi]]></content>
          </node>
          <node id="bird-1-2">
            <label>casoar</label>
            <content><![CDATA[casoar]]></content>
          </node>
          <node id="bird-1-3">
            <label>nandou</label>
            <content><![CDATA[nandou]]></content>
          </node>
        </node>
          </node>
          <node id="animal-0-2">
            <label>reptile</label>
            <content><![CDATA[reptile]]></content>
            <img src="reptile.png"/>
            <node id="animal-0-2-0">
              <label>saurien</label>
              <content><![CDATA[saurien]]></content>
              <node id="animal-0-2-0-0">
                <label>lacertilien</label>
                <content><![CDATA[lacertilien]]></content>
                <node id="animal-0-2-0-0-0">
                  <label>lézard</label>
                  <content><![CDATA[lézard]]></content>
                </node>
                <node id="animal-0-2-0-0-1">
                  <label>gecko</label>
                  <content><![CDATA[gecko]]></content>
                </node>
                <node id="animal-0-2-0-0-2">
                  <label>seps</label>
                  <content><![CDATA[seps]]></content>
                </node>
                <node id="animal-0-2-0-0-3">
                  <label>orvet</label>
                  <content><![CDATA[orvet]]></content>
                </node>
              </node>
              <node id="animal-0-2-0-1">
                <label>ophidien</label>
                <content><![CDATA[ophidien]]></content>
                <node id="animal-0-2-0-1-0">
                  <label>vipère aspic</label>
                  <content><![CDATA[vipère aspic]]></content>
                </node>
                <node id="animal-0-2-0-1-1">
                  <label>péliade</label>
                  <content><![CDATA[péliade]]></content>
                </node>
                <node id="animal-0-2-0-1-2">
                  <label>couleuvre</label>
                  <content><![CDATA[couleuvre]]></content>
                </node>
              </node>
            </node>
            <node id="animal-0-2-1">
              <label>chélonien</label>
              <content><![CDATA[chélonien]]></content>
              <node id="animal-0-2-1-0">
                <label>tortue grecque</label>
                <content><![CDATA[tortue grecque]]></content>
              </node>
              <node id="animal-0-2-1-1">
                <label>émys</label>
                <content><![CDATA[émys]]></content>
              </node>
              <node id="animal-0-2-1-2">
                <label>luth</label>
                <content><![CDATA[luth]]></content>
              </node>
              <node id="animal-0-2-1-3">
                <label>caret</label>
                <content><![CDATA[caret]]></content>
              </node>
              <node id="animal-0-2-1-4">
                <label>caouane</label>
                <content><![CDATA[caouane]]></content>
              </node>
            </node>
            <node id="animal-0-2-2">
              <label>crocodilien</label>
              <content><![CDATA[ien]]></content>
              <node id="animal-0-2-2-0">
                <label>crocodile</label>
                <content><![CDATA[crocodile]]></content>
              </node>
              <node id="animal-0-2-2-1">
                <label>alligator</label>
                <content><![CDATA[alligator]]></content>
              </node>
              <node id="animal-0-2-2-2">
                <label>caïman</label>
                <content><![CDATA[caïman]]></content>
              </node>
              <node id="animal-0-2-2-3">
                <label>gavial</label>
                <content><![CDATA[gavial]]></content>
              </node>
            </node>
          </node>
          <node id="animal-0-3">
            <label>amphibien</label>
            <content><![CDATA[amphibien]]></content>
            <img src="amphibien.png"/>
            <node id="animal-0-3-0">
              <label>anoure</label>
              <content><![CDATA[anoure]]></content>
              <node id="animal-0-3-0-0">
                <label>crapaud</label>
                <content><![CDATA[crapaud]]></content>
              </node>
              <node id="animal-0-3-0-1">
                <label>pelobate</label>
                <content><![CDATA[pelobate]]></content>
              </node>
              <node id="animal-0-3-0-2">
                <label>pelodyte</label>
                <content><![CDATA[pelodyte]]></content>
              </node>
              <node id="animal-0-3-0-3">
                <label>rainette</label>
                <content><![CDATA[rainette]]></content>
              </node>
              <node id="animal-0-3-0-4">
                <label>grenouille</label>
                <content><![CDATA[grenouille]]></content>
              </node>
            </node>
            <node id="animal-0-3-1">
              <label>urodèle</label>
              <content><![CDATA[urodèle]]></content>
              <node id="animal-0-3-1-0">
                <label>salamandre</label>
                <content><![CDATA[mandre]]></content>
              </node>
              <node id="animal-0-3-1-1">
                <label>triton</label>
                <content><![CDATA[triton]]></content>
              </node>
            </node>
          </node>
          <node id="animal-0-4">
            <label>poisson</label>
            <content><![CDATA[poisson]]></content>
            <img src="poisson.png"/>
        <node id="fish-0">
          <label>élasmobranche</label>
          <content><![CDATA[élasmobranche]]></content>
          <node id="fish-0-0">
            <label>sélacien</label>
            <content><![CDATA[sélacien]]></content>
            <node id="fish-0-0-0">
              <label>roussette</label>
              <content><![CDATA[roussette]]></content>
            </node>
            <node id="fish-0-0-1">
              <label>requin</label>
              <content><![CDATA[requin]]></content>
            </node>
            <node id="fish-0-0-2">
              <label>raie</label>
              <content><![CDATA[raie]]></content>
            </node>
            <node id="fish-0-0-3">
              <label>torpille</label>
              <content><![CDATA[torpille]]></content>
            </node>
          </node>
          <node id="fish-0-1">
            <label>holocéphale</label>
            <content><![CDATA[holocéphale]]></content>
            <node id="fish-0-1-0">
              <label>chimère</label>
              <content><![CDATA[chimère]]></content>
            </node>
          </node>
          <node id="fish-0-2">
            <label>ganoïde</label>
            <content><![CDATA[ganoïde]]></content>
            <node id="fish-0-2-0">
              <label>esturgeon</label>
              <content><![CDATA[esturgeon]]></content>
            </node>
          </node>
        </node>
        <node id="fish-1">
          <label>téléostome</label>
          <content><![CDATA[téléostome]]></content>
          <node id="fish-1-0">
            <label>hareng</label>
            <content><![CDATA[hareng]]></content>
          </node>
          <node id="fish-1-1">
            <label>sardine</label>
            <content><![CDATA[sardine]]></content>
          </node>
          <node id="fish-1-2">
            <label>truite</label>
            <content><![CDATA[truite]]></content>
          </node>
          <node id="fish-1-3">
            <label>saumon</label>
            <content><![CDATA[saumon]]></content>
          </node>
          <node id="fish-1-4">
            <label>carpe</label>
            <content><![CDATA[carpe]]></content>
          </node>
          <node id="fish-1-5">
            <label>anche</label>
            <content><![CDATA[tanche]]></content>
          </node>
          <node id="fish-1-6">
            <label>gardon</label>
            <content><![CDATA[gardon]]></content>
          </node>
          <node id="fish-1-7">
            <label>brochet</label>
            <content><![CDATA[brochet]]></content>
          </node>
          <node id="fish-1-8">
            <label>anguille</label>
            <content><![CDATA[anguille]]></content>
          </node>
          <node id="fish-1-9">
            <label>morue</label>
            <content><![CDATA[morue]]></content>
          </node>
          <node id="fish-1-10">
            <label>merlan</label>
            <content><![CDATA[merlan]]></content>
          </node>
          <node id="fish-1-11">
            <label>limande</label>
            <content><![CDATA[limande]]></content>
          </node>
          <node id="fish-1-12">
            <label>plie</label>
            <content><![CDATA[plie]]></content>
          </node>
          <node id="fish-1-13">
            <label>sole</label>
            <content><![CDATA[sole]]></content>
          </node>
          <node id="fish-1-14">
            <label>mulet</label>
            <content><![CDATA[mulet]]></content>
          </node>
          <node id="fish-1-15">
            <label>épinoche</label>
            <content><![CDATA[épinoche]]></content>
          </node>
          <node id="fish-1-16">
            <label>hippocampe</label>
            <content><![CDATA[hippocampe]]></content>
          </node>
          <node id="fish-1-17">
            <label>perche</label>
            <content><![CDATA[perche]]></content>
          </node>
          <node id="fish-1-18">
            <label>serran</label>
            <content><![CDATA[serran]]></content>
          </node>
          <node id="fish-1-19">
            <label>dorade</label>
            <content><![CDATA[dorade]]></content>
          </node>
          <node id="fish-1-20">
            <label>rouget</label>
            <content><![CDATA[rouget]]></content>
          </node>
          <node id="fish-1-21">
            <label>maquereau</label>
            <content><![CDATA[maquereau]]></content>
          </node>
          <node id="fish-1-22">
            <label>thon</label>
            <content><![CDATA[thon]]></content>
          </node>
          <node id="fish-1-23">
            <label>rascasse</label>
            <content><![CDATA[rascasse]]></content>
          </node>
          <node id="fish-1-24">
            <label>n</label>
            <content><![CDATA[grondin]]></content>
          </node>
        </node>
        <node id="fish-2">
          <label>dipneuste</label>
          <content><![CDATA[dipneuste]]></content>
          <node id="fish-2-0">
            <label>cératodus</label>
            <content><![CDATA[cératodus]]></content>
          </node>
          <node id="fish-2-1">
            <label>protoptère</label>
            <content><![CDATA[protoptère]]></content>
          </node>
          <node id="fish-2-2">
            <label>lépidosiren</label>
            <content><![CDATA[lépidosiren]]></content>
          </node>
        </node>
          </node>
        </node>
        <node id="animal-1">
          <label>invertébré</label>
          <content><![CDATA[invertébré]]></content>
          <node id="animal-1-0">
            <label>arthropode</label>
            <content><![CDATA[arthropode]]></content>
            <node id="animal-1-0-0">
              <node id="animal-1-0-0-0">
                <label>myriapode</label>
                <content><![CDATA[myriapode]]></content>
                <img src="myriapode.png"/>
              </node>
              <node id="animal-1-0-0-1">
                <label>insecte</label>
                <content><![CDATA[insecte]]></content>
                <img src="insecte.png"/>
                <a href="insect-fr.html"/>
        <node id="insecte-0">
          <label>métamorphose complète</label>
          <content><![CDATA[métamorphose complète]]></content>
          <node id="insecte-0-0">
            <label>coléoptère</label>
            <content><![CDATA[coléoptère]]></content>
            <node id="insecte-0-0-0">
              <label>hanneton</label>
              <content><![CDATA[hanneton]]></content>
            </node>
            <node id="insecte-0-0-1">
              <label>carabe</label>
              <content><![CDATA[carabe]]></content>
            </node>
            <node id="insecte-0-0-2">
              <label>scarabée</label>
              <content><![CDATA[scarabée]]></content>
            </node>
            <node id="insecte-0-0-3">
              <label>hydrophile</label>
              <content><![CDATA[hydrophile]]></content>
            </node>
            <node id="insecte-0-0-4">
              <label>ique</label>
              <content><![CDATA[ique]]></content>
            </node>
            <node id="insecte-0-0-5">
              <label>coccinelle</label>
              <content><![CDATA[coccinelle]]></content>
            </node>
            <node id="insecte-0-0-6">
              <label>cicindelle</label>
              <content><![CDATA[cicindelle]]></content>
            </node>
          </node>
          <node id="insecte-0-1">
            <label>névroptère</label>
            <content><![CDATA[névroptère]]></content>
            <node id="insecte-0-1-0">
              <label>fourmilion</label>
              <content><![CDATA[fourmilion]]></content>
            </node>
            <node id="insecte-0-1-1">
              <label>phrygane</label>
              <content><![CDATA[phrygane]]></content>
            </node>
            <node id="insecte-0-1-2">
              <label>chrysope</label>
              <content><![CDATA[chrysope]]></content>
            </node>
            <node id="insecte-0-1-3">
              <label>panorpe</label>
              <content><![CDATA[panorpe]]></content>
            </node>
          </node>
          <node id="insecte-0-2">
            <label>lépidoptère</label>
            <content><![CDATA[lépidoptère]]></content>
            <node id="insecte-0-2-0">
              <label>papillon</label>
              <content><![CDATA[papillon]]></content>
            </node>
          </node>
          <node id="insecte-0-3">
            <label>diptère</label>
            <content><![CDATA[diptère]]></content>
            <node id="insecte-0-3-0">
              <label>moustique</label>
              <content><![CDATA[moustique]]></content>
            </node>
            <node id="insecte-0-3-1">
              <label>mouche</label>
              <content><![CDATA[mouche]]></content>
            </node>
          </node>
          <node id="insecte-0-4">
            <label>hyménoptère</label>
            <content><![CDATA[hyménoptère]]></content>
            <node id="insecte-0-4-0">
              <label>abeille</label>
              <content><![CDATA[abeille]]></content>
            </node>
            <node id="insecte-0-4-1">
              <label>guêpe</label>
              <content><![CDATA[guêpe]]></content>
            </node>
            <node id="insecte-0-4-2">
              <label>fourmi</label>
              <content><![CDATA[fourmi]]></content>
            </node>
            <node id="insecte-0-4-3">
              <label>sphex</label>
              <content><![CDATA[sphex]]></content>
            </node>
            <node id="insecte-0-4-4">
              <label>ichneumon</label>
              <content><![CDATA[ichneumon]]></content>
            </node>
            <node id="insecte-0-4-5">
              <label>ammophile</label>
              <content><![CDATA[ammophile]]></content>
            </node>
          </node>
          <node id="insecte-0-5">
            <label>aphaniptère</label>
            <content><![CDATA[aphaniptère]]></content>
            <node id="insecte-0-5-0">
              <label>puce</label>
              <content><![CDATA[puce]]></content>
            </node>
          </node>
        </node>
        <node id="insecte-1">
          <label>métamorphose incomplète</label>
          <content><![CDATA[métamorphose incomplète]]></content>
          <node id="insecte-1-0">
            <label>orthoptère</label>
            <content><![CDATA[orthoptère]]></content>
            <node id="insecte-1-0-0">
              <label>criquet</label>
              <content><![CDATA[criquet]]></content>
            </node>
            <node id="insecte-1-0-1">
              <label>grillon</label>
              <content><![CDATA[grillon]]></content>
            </node>
            <node id="insecte-1-0-2">
              <label>sauterelle</label>
              <content><![CDATA[sauterelle]]></content>
            </node>
            <node id="insecte-1-0-3">
              <label>blatte</label>
              <content><![CDATA[blatte]]></content>
            </node>
            <node id="insecte-1-0-4">
              <label>mante religieuse</label>
              <content><![CDATA[mante religieuse]]></content>
            </node>
            <node id="insecte-1-0-5">
              <label>courtilier</label>
              <content><![CDATA[courtilier]]></content>
            </node>
          </node>
          <node id="insecte-1-1">
            <label>dermaptère</label>
            <content><![CDATA[dermaptère]]></content>
            <node id="insecte-1-1-0">
              <label>forficule</label>
              <content><![CDATA[forficule]]></content>
            </node>
          </node>
          <node id="insecte-1-2">
            <label>plécoptère</label>
            <content><![CDATA[plécoptère]]></content>
            <node id="insecte-1-2-0">
              <label>éphémère</label>
              <content><![CDATA[éphémère]]></content>
            </node>
          </node>
          <node id="insecte-1-3">
            <label>odonate</label>
            <content><![CDATA[odonate]]></content>
            <node id="insecte-1-3-0">
              <label>libellule</label>
              <content><![CDATA[libellule]]></content>
            </node>
            <node id="insecte-1-3-1">
              <label>agrion</label>
              <content><![CDATA[agrion]]></content>
            </node>
            <node id="insecte-1-3-2">
              <label>calopteryx</label>
              <content><![CDATA[calopteryx]]></content>
            </node>
          </node>
          <node id="insecte-1-4">
            <label>isoptère</label>
            <content><![CDATA[isoptère]]></content>
            <node id="insecte-1-4-0">
              <label>termite</label>
              <content><![CDATA[termite]]></content>
            </node>
          </node>
          <node id="insecte-1-5">
            <label>hémiptère</label>
            <content><![CDATA[hémiptère]]></content>
            <node id="insecte-1-5-0">
              <label>cigale</label>
              <content><![CDATA[cigale]]></content>
            </node>
            <node id="insecte-1-5-1">
              <label>punaise</label>
              <content><![CDATA[punaise]]></content>
            </node>
            <node id="insecte-1-5-2">
              <label>hydromètre</label>
              <content><![CDATA[hydromètre]]></content>
            </node>
            <node id="insecte-1-5-3">
              <label>nèpe</label>
              <content><![CDATA[nèpe]]></content>
            </node>
            <node id="insecte-1-5-4">
              <label>raratre</label>
              <content><![CDATA[raratre]]></content>
            </node>
            <node id="insecte-1-5-5">
              <label>puceron</label>
              <content><![CDATA[puceron]]></content>
            </node>
            <node id="insecte-1-5-6">
              <label>cochenille</label>
              <content><![CDATA[cochenille]]></content>
            </node>
          </node>
          <node id="insecte-1-6">
            <label>anoploure</label>
            <content><![CDATA[anoploure]]></content>
            <node id="insecte-1-6-0">
              <label>pou</label>
              <content><![CDATA[pou]]></content>
            </node>
          </node>
        </node>
              </node>
            </node>
            <node id="animal-1-0-1">
              <label>crustacé</label>
              <content><![CDATA[crustacé]]></content>
              <img src="crustace.png"/>
            </node>
            <node id="animal-1-0-2">
              <label>arachnide</label>
              <content><![CDATA[arachnide]]></content>
              <img src="arachnide.png"/>
            </node>
          </node>
          <node id="animal-1-1">
            <label>mollusque</label>
            <content><![CDATA[mollusque]]></content>
            <node id="animal-1-1-0">
              <label>gastéropode</label>
              <content><![CDATA[gastéropode]]></content>
              <img src="gasteropode.png"/>
            </node>
            <node id="animal-1-1-1">
              <label>céphalopode</label>
              <content><![CDATA[céphalopode]]></content>
              <img src="cephalopode.png"/>
            </node>
            <node id="animal-1-1-2">
              <label>lammellibranche</label>
              <content><![CDATA[lammellibranche]]></content>
              <img src="lammellibranche.png"/>
            </node>
          </node>
          <node id="animal-1-2">
            <label>ver</label>
            <content><![CDATA[ver]]></content>
            <img src="ver.png"/>
          </node>
          <node id="animal-1-3">
            <node id="animal-1-3-0">
              <label>échinoderme</label>
              <content><![CDATA[échinoderme]]></content>
            </node>
            <node id="animal-1-3-1">
              <label>cnidaire</label>
              <content><![CDATA[cnidaire]]></content>
              <img src="cnidaire.png"/>
            </node>
          </node>
        </node>
       </node>
    </nodes>
  </tree>
  <tools>
    <menu>
      <menuitem action="search" match-mode="includes" match-scope="id" match-target="label">
        <label>Rechercher (nom inclut $e)</label>
      </menuitem>
      <menuitem action="search" match-mode="equals" match-scope="id" match-target="id">
        <label>Rechercher (id égale $e)</label>
      </menuitem>
      <menuitem action="search" match-mode="includes" match-scope="id" match-target="content">
        <label>Rechercher (contenu inclut $e)</label>
      </menuitem>
      <menuitem action="goto" match-mode="includes" match-scope="id">
        <label>Aller à mammifères</label>
        <a href="%23mammif%C3%A8re"/>
      </menuitem>
      <menuitem action="goto" match-mode="includes" match-scope="id">
        <label>Aller à oiseaux</label>
        <a href="%23oiseau"/>
      </menuitem>
      <menuitem action="goto" match-mode="includes" match-scope="id">
        <label>Aller à poissons</label>
        <a href="%23poisson"/>
      </menuitem>
      <menuitem action="goto" match-mode="includes" match-scope="id">
        <label>Aller à Anglais</label>
        <a href="animal-en.html"/>
      </menuitem>
    </menu>
  </tools>
</treebolic>
