<?xml version="1.0" encoding="UTF-8" standalone="no"?>
<!--created Tue Jun 17 10:00:45 CEST 2008--><!DOCTYPE treebolic SYSTEM "Treebolic.dtd">

<treebolic toolbar="true" tooltip="true">
  <tree backcolor="48886b" expansion="0.8" forecolor="ccffcc" sweep="1.2">
    <nodes border="true" ellipsize="false" backcolor="48886b" forecolor="ccffcc">
      <img src="item.png"/>
      <node backcolor="ccffcc" forecolor="006666" id="root">
        <label>Asterids</label>
        <img src="focus.png"/>
        <node id="asterids-0">
          <label>Cornales</label>
        </node>
        <node id="asterids-1">
          <label>Ericales</label>
        </node>
        <node id="asterids-2">
          <label>Euasterids</label>
          <node id="asterids-2-0">
            <label>Euasterids I</label>
            <node id="asterids-2-0-0">
              <label>Boraginaceae</label>
              <content><![CDATA[borage family, incl. Hydrophyllaceae]]></content>
            </node>
            <node id="asterids-2-0-1">
              <label>Gentianales</label>
            </node>
            <node id="asterids-2-0-2">
              <label>Solanales</label>
            </node>
            <node id="asterids-2-0-3">
              <label>Lamiales</label>
            </node>
            <node id="asterids-2-0-4">
              <label>Oncotheca</label>
            </node>
            <node id="asterids-2-0-5">
              <label>Garryales</label>
            </node>
          </node>
          <node id="asterids-2-1">
            <label>Aquifoliales</label>
          </node>
          <node id="asterids-2-2">
            <label>Vahlia</label>
          </node>
          <node id="asterids-2-3">
            <label>Cardiopterus</label>
          </node>
          <node id="asterids-2-4">
            <label>Icacicnaceae</label>
          </node>
          <node id="asterids-2-5">
            <label>Columelia</label>
          </node>
          <node id="asterids-2-6">
            <label>Euasterids II</label>
            <node id="asterids-2-6-0">
              <label>Asterales</label>
            </node>
            <node id="asterids-2-6-1">
              <node id="asterids-2-6-1-0">
                <label>Eremosyne pectinata</label>
              </node>
              <node id="asterids-2-6-1-1">
                <label>Escalloniaceae</label>
              </node>
            </node>
            <node id="asterids-2-6-2">
              <label>Tribeles autralis</label>
            </node>
            <node id="asterids-2-6-3">
              <label>Apiales</label>
            </node>
            <node id="asterids-2-6-4">
              <label>Bruniaceae</label>
              <content><![CDATA[incl. Berzeliaceae]]></content>
            </node>
            <node id="asterids-2-6-5">
              <label>Dipsacales</label>
            </node>
          </node>
        </node>
      </node>
    </nodes>
  </tree>
</treebolic>
