<?xml version="1.0" encoding="UTF-8" standalone="no"?>
<!--created Tue Jun 17 10:01:06 CEST 2008--><!DOCTYPE treebolic SYSTEM "Treebolic.dtd">

<treebolic toolbar="true" tooltip="true">
  <tree backcolor="48886b" expansion="0.8" forecolor="ccffcc" sweep="1.2">
    <nodes border="true" ellipsize="false" backcolor="48886b" forecolor="ccffcc">
      <img src="item.png"/>
      <node backcolor="ccffcc" forecolor="006666" id="root">
        <label>Autrobaileyales</label>
        <img src="focus.png"/>
        <node id="autrobaileyales-0">
          <label>Autrobaileya</label>
        </node>
        <node id="autrobaileyales-1">
          <node id="autrobaileyales-1-0">
            <label>Trimenia</label>
          </node>
          <node id="autrobaileyales-1-1">
            <node id="autrobaileyales-1-1-0">
              <label>Illicium</label>
              <content><![CDATA[star anise and relatives]]></content>
            </node>
            <node id="autrobaileyales-1-1-1">
              <label>Schisandraceae</label>
              <node id="autrobaileyales-1-1-1-0">
                <label>Kadsura</label>
              </node>
              <node id="autrobaileyales-1-1-1-1">
                <label>Schisandra</label>
              </node>
            </node>
          </node>
        </node>
      </node>
    </nodes>
  </tree>
</treebolic>
