<?xml version="1.0" encoding="UTF-8" standalone="no"?>
<!--created Tue Jun 17 10:02:30 CEST 2008--><!DOCTYPE treebolic SYSTEM "Treebolic.dtd">

<treebolic toolbar="true" tooltip="true">
  <tree backcolor="48886b" expansion="0.8" forecolor="ccffcc" sweep="1.2">
    <nodes border="true" ellipsize="false" backcolor="48886b" forecolor="ccffcc">
      <img src="item.png"/>
      <node backcolor="ccffcc" forecolor="006666" id="root">
        <label>Charales</label>
        <img src="focus.png"/>
        <node id="charales-0">
          <node id="charales-0-0">
            <node id="charales-0-0-0">
              <label>Chara</label>
            </node>
            <node id="charales-0-0-1">
              <label>Lamprothamnium</label>
            </node>
          </node>
          <node id="charales-0-1">
            <node id="charales-0-1-0">
              <label>Lychnotamnus</label>
            </node>
            <node id="charales-0-1-1">
              <label>Nitellopsis</label>
            </node>
          </node>
        </node>
        <node id="charales-1">
          <node id="charales-1-0">
            <label>Tolypella</label>
          </node>
          <node id="charales-1-1">
            <label>Nitella</label>
          </node>
        </node>
      </node>
    </nodes>
  </tree>
</treebolic>
