<?xml version="1.0" encoding="UTF-8" standalone="no"?>
<!--created Tue Jun 17 10:03:38 CEST 2008--><!DOCTYPE treebolic SYSTEM "Treebolic.dtd">

<treebolic toolbar="true" tooltip="true">
  <tree backcolor="48886b" expansion="0.8" forecolor="ccffcc" sweep="1.2">
    <nodes border="true" ellipsize="false" backcolor="48886b" forecolor="ccffcc">
      <img src="item.png"/>
      <node backcolor="ccffcc" forecolor="006666" id="root">
        <label>Core Eudicots</label>
        <img src="focus.png"/>
        <node id="coreeudicots-0">
          <label>Gunnerales</label>
          <mountpoint>
            <a href="ranunculales.xml"/>
          </mountpoint>
          <node id="coreeudicots-0-0">
            <label>Gunnera</label>
          </node>
          <node id="coreeudicots-0-1">
            <label>Myrothamnus</label>
          </node>
        </node>
        <node id="coreeudicots-1">
          <node forecolor="33ccff" id="coreeudicots-1-0">
            <label>Santalales</label>
            <mountpoint>
              <a href="santalales.xml"/>
            </mountpoint>
          </node>
          <node forecolor="33ccff" id="coreeudicots-1-1">
            <label>Saxifragales</label>
            <mountpoint>
              <a href="saxifragales.xml"/>
            </mountpoint>
          </node>
          <node id="coreeudicots-1-2">
            <label>Berberidopsidales</label>
            <mountpoint>
              <a href="berberidopsilales.xml"/>
            </mountpoint>
          </node>
          <node id="coreeudicots-1-3">
            <label>Vitaceae</label>
            <content><![CDATA[grape family]]></content>
          </node>
          <node forecolor="33ccff" id="coreeudicots-1-4">
            <label>Rosids</label>
            <mountpoint>
              <a href="rosids.xml"/>
            </mountpoint>
          </node>
          <node id="coreeudicots-1-5">
            <label>Dilleniaceae</label>
          </node>
          <node forecolor="33ccff" id="coreeudicots-1-6">
            <label>Caryophyllales</label>
            <mountpoint>
              <a href="caryophyllales.xml"/>
            </mountpoint>
          </node>
          <node forecolor="33ccff" id="coreeudicots-1-7">
            <label>Asterids</label>
            <mountpoint>
              <a href="asterids.xml"/>
            </mountpoint>
          </node>
        </node>
      </node>
    </nodes>
  </tree>
</treebolic>
