<?xml version="1.0" encoding="UTF-8" standalone="no"?>
<!--created Tue Jun 17 10:06:35 CEST 2008--><!DOCTYPE treebolic SYSTEM "Treebolic.dtd">

<treebolic>
  <tree backcolor="48886b" expansion="0.8" forecolor="ccffcc" sweep="1.2">
    <nodes border="true" ellipsize="false" backcolor="48886b" forecolor="ccffcc">
      <img src="item.png"/>
      <node backcolor="ccffcc" forecolor="006666" id="root">
        <label>Euangiosperms</label>
        <img src="focus.png"/>
        <node forecolor="00ccff" id="euangiosperms-0">
          <label>Eudicots</label>
          <content><![CDATA[Most flowering plants]]></content>
          <mountpoint>
            <a href="eudicots.xml"/>
          </mountpoint>
        </node>
        <node id="euangiosperms-1">
          <label>Ceratophyllum</label>
          <content><![CDATA[Aquatic hornworts]]></content>
        </node>
        <node id="euangiosperms-2">
          <label>Monocotyledons</label>
          <content><![CDATA[Lilies, orchids, palms, grasses and their relatives]]></content>
        </node>
        <node id="euangiosperms-3">
          <label>Chloranthaceae</label>
        </node>
        <node id="euangiosperms-4">
          <label>Magnoliid complex</label>
          <node id="euangiosperms-4-0">
            <label>Magnoliales</label>
          </node>
          <node id="euangiosperms-4-1">
            <label>Laurales</label>
          </node>
          <node id="euangiosperms-4-2">
            <label>Winterales</label>
            <content><![CDATA[Canellales]]></content>
          </node>
          <node id="euangiosperms-4-3">
            <label>Piperales</label>
          </node>
        </node>
      </node>
    </nodes>
  </tree>
</treebolic>
