<?xml version="1.0" encoding="UTF-8" standalone="no"?>
<!--created Tue Jun 17 10:07:28 CEST 2008--><!DOCTYPE treebolic SYSTEM "Treebolic.dtd">

<treebolic toolbar="true" tooltip="true">
  <tree backcolor="48886b" expansion="0.8" forecolor="ccffcc" sweep="1.2">
    <nodes border="true" ellipsize="false" backcolor="48886b" forecolor="ccffcc">
      <img src="item.png"/>
      <node backcolor="ccffcc" forecolor="006666" id="root">
        <label>Eudicots</label>
        <img src="focus.png"/>
        <node forecolor="00ccff" id="eudicots-0">
          <label>Ranunculales</label>
          <mountpoint>
            <a href="ranunculales.xml"/>
          </mountpoint>
        </node>
        <node id="eudicots-1">
          <node id="eudicots-1-0">
            <label>Proteales</label>
          </node>
          <node id="eudicots-1-1">
            <label>Sabia</label>
          </node>
          <node id="eudicots-1-2">
            <label>Trochodendraceae</label>
          </node>
          <node id="eudicots-1-3">
            <node id="eudicots-1-3-0">
              <label>Buxaceae</label>
            </node>
            <node id="eudicots-1-3-1">
              <label>Didymeles</label>
            </node>
          </node>
          <node forecolor="00ccff" id="eudicots-1-4">
            <label>Core eudicots</label>
            <mountpoint>
              <a href="core-eudicots.xml"/>
            </mountpoint>
          </node>
        </node>
      </node>
    </nodes>
  </tree>
</treebolic>
