<?xml version="1.0" encoding="UTF-8" standalone="no"?>
<!--created Tue Jun 17 10:08:11 CEST 2008--><!DOCTYPE treebolic SYSTEM "Treebolic.dtd">

<treebolic toolbar="true" tooltip="true">
  <tree backcolor="48886b" expansion="0.8" forecolor="ccffcc" sweep="1.2">
    <nodes border="true" ellipsize="false" backcolor="48886b" forecolor="ccffcc">
      <img src="item.png"/>
      <node backcolor="ccffcc" forecolor="006666" id="root">
        <label>Filicopsida</label>
        <img src="focus.png"/>
        <node id="filicopsida-0">
          <label>Stauropteridales (†)</label>
        </node>
        <node id="filicopsida-1">
          <label>Zygopteridales (†)</label>
        </node>
        <node id="filicopsida-2">
          <label>Psilotales</label>
        </node>
        <node id="filicopsida-3">
          <node id="filicopsida-3-0">
            <label>Marattiales</label>
          </node>
          <node id="filicopsida-3-1">
            <label>Ophioglossales</label>
          </node>
        </node>
        <node forecolor="00ccff" id="filicopsida-4">
          <label>Leptosporangiate ferns</label>
          <mountpoint>
            <a href="leptosporangiate-ferns.xml"/>
          </mountpoint>
        </node>
      </node>
    </nodes>
  </tree>
</treebolic>
