<?xml version="1.0" encoding="UTF-8" standalone="no"?>
<!--created Tue Jun 17 10:08:37 CEST 2008--><!DOCTYPE treebolic SYSTEM "Treebolic.dtd">

<treebolic toolbar="true" tooltip="true">
  <tree backcolor="48886b" expansion="0.8" forecolor="ccffcc" sweep="1.2">
    <nodes border="true" ellipsize="false" backcolor="48886b" forecolor="ccffcc">
      <img src="item.png"/>
      <node backcolor="ccffcc" forecolor="006666" id="root">
        <label>Gnetales</label>
        <img src="focus.png"/>
        <node id="gnetales-0">
          <label>Ephedra</label>
        </node>
        <node id="gnetales-1">
          <node id="gnetales-1-0">
            <label>Welwitschia</label>
          </node>
          <node id="gnetales-1-1">
            <label>Gnetum</label>
          </node>
        </node>
      </node>
    </nodes>
  </tree>
</treebolic>
