<?xml version="1.0" encoding="UTF-8" standalone="no"?>
<!--created Thu Jun 19 19:13:01 CEST 2008--><!DOCTYPE treebolic SYSTEM "Treebolic.dtd">

<treebolic focus-on-hover="false" popupmenu="true" statusbar="true" toolbar="true" tooltip="true" xmoveto="0.0" ymoveto="0.0">
  <tree backcolor="f8f8ff" expansion="0.9" fontface="SansSerif" forecolor="000000" orientation="radial" preserve-orientation="true" sweep="1.1">
    <nodes backcolor="ffffff" forecolor="000080" border="true" ellipsize="false">
      <img src="item.png"/>
      <default.treeedge color="000080"/>
      <node id="root">
        <label>insect</label>
        <content><![CDATA[insect]]></content>
        <img src="insecte.png"/>
        <node id="insect-0">
          <label>incomplete metamorphosis</label>
          <content><![CDATA[incomplete metamorphosis]]></content>
          <node id="insect-0-0">
            <label>orthopteran</label>
            <content><![CDATA[orthopteran]]></content>
            <node id="insect-0-0-0">
              <label>locust</label>
              <content><![CDATA[locust]]></content>
            </node>
            <node id="insect-0-0-1">
              <label>cricket</label>
              <content><![CDATA[cricket]]></content>
            </node>
            <node id="insect-0-0-2">
              <label>grasshopper</label>
              <content><![CDATA[grasshopper]]></content>
            </node>
            <node id="insect-0-0-3">
              <label>cockroach</label>
              <content><![CDATA[cockroach]]></content>
            </node>
            <node id="insect-0-0-4">
              <label>praying mantis</label>
              <content><![CDATA[praying mantis]]></content>
            </node>
            <node id="insect-0-0-5">
              <label>mole cricket</label>
              <content><![CDATA[mole-cricket]]></content>
            </node>
          </node>
          <node id="insect-0-1">
            <label>dermapteran</label>
            <content><![CDATA[dermapteran]]></content>
            <node id="insect-0-1-0">
              <label>earwig</label>
              <content><![CDATA[earwig]]></content>
            </node>
          </node>
          <node id="insect-0-2">
            <label>plecopteran</label>
            <content><![CDATA[plecopteran]]></content>
            <node id="insect-0-2-0">
              <label>ephemera</label>
              <content><![CDATA[ephemera]]></content>
            </node>
          </node>
          <node id="insect-0-3">
            <label>odonate</label>
            <content><![CDATA[odonate]]></content>
            <node id="insect-0-3-0">
              <label>dragonfly</label>
              <content><![CDATA[dragonfly]]></content>
            </node>
            <node id="insect-0-3-1">
              <label>agrion</label>
              <content><![CDATA[agrion]]></content>
            </node>
            <node id="insect-0-3-2">
              <label>calopteryx</label>
              <content><![CDATA[calopteryx]]></content>
            </node>
          </node>
          <node id="insect-0-4">
            <label>isopteran</label>
            <content><![CDATA[isopteran]]></content>
            <node id="insect-0-4-0">
              <label>termite</label>
              <content><![CDATA[termite]]></content>
            </node>
          </node>
          <node id="insect-0-5">
            <label>hemipteran</label>
            <content><![CDATA[hemipteran]]></content>
            <node id="insect-0-5-0">
              <label>cicada</label>
              <content><![CDATA[cicada]]></content>
            </node>
            <node id="insect-0-5-1">
              <label>bug</label>
              <content><![CDATA[bug]]></content>
            </node>
            <node id="insect-0-5-2">
              <label>water spider</label>
              <content><![CDATA[water spider]]></content>
            </node>
            <node id="insect-0-5-3">
              <label>water scorpion</label>
              <content><![CDATA[water scorpion]]></content>
            </node>
            <node id="insect-0-5-4">
              <label>raratre</label>
              <content><![CDATA[raratre]]></content>
            </node>
            <node id="insect-0-5-5">
              <label>greenfly</label>
              <content><![CDATA[greenfly]]></content>
            </node>
            <node id="insect-0-5-6">
              <label>cochineal</label>
              <content><![CDATA[cochineal]]></content>
            </node>
          </node>
          <node id="insect-0-6">
            <label>anopluran</label>
            <content><![CDATA[anopluran]]></content>
            <node id="insect-0-6-0">
              <label>louse</label>
              <content><![CDATA[louse]]></content>
            </node>
          </node>
        </node>
        <node id="insect-1">
          <label>full metamorphosis</label>
          <content><![CDATA[full metamorphosis]]></content>
          <node id="insect-1-0">
            <label>coleopteran</label>
            <content><![CDATA[coleopteran]]></content>
            <node id="insect-1-0-0">
              <label>maybug</label>
              <content><![CDATA[maybug]]></content>
            </node>
            <node id="insect-1-0-1">
              <label>carabus</label>
              <content><![CDATA[carabus]]></content>
            </node>
            <node id="insect-1-0-2">
              <label>beetle</label>
              <content><![CDATA[beetle]]></content>
            </node>
            <node id="insect-1-0-3">
              <label>hydrophilus</label>
              <content><![CDATA[hydrophilus]]></content>
            </node>
            <node id="insect-1-0-4">
              <label>water beetle</label>
              <content><![CDATA[water-beetle]]></content>
            </node>
            <node id="insect-1-0-5">
              <label>ladybird</label>
              <content><![CDATA[ladybird]]></content>
            </node>
            <node id="insect-1-0-6">
              <label>tiger-beetle</label>
              <content><![CDATA[tiger-beetle]]></content>
            </node>
          </node>
          <node id="insect-1-1">
            <label>nevropteran</label>
            <content><![CDATA[nevropteran]]></content>
            <node id="insect-1-1-0">
              <label>ant-lion</label>
              <content><![CDATA[ant-lion]]></content>
            </node>
            <node id="insect-1-1-1">
              <label>caddis fly</label>
              <content><![CDATA[caddis fly]]></content>
            </node>
            <node id="insect-1-1-2">
              <label>chrysopa</label>
              <content><![CDATA[chrysopa]]></content>
            </node>
            <node id="insect-1-1-3">
              <label>scorpion fly</label>
              <content><![CDATA[scorpion fly]]></content>
            </node>
          </node>
          <node id="insect-1-2">
            <label>lepidopteran</label>
            <content><![CDATA[lepidopteran]]></content>
            <node id="insect-1-2-0">
              <label>butterfly</label>
              <content><![CDATA[butterfly]]></content>
            </node>
          </node>
          <node id="insect-1-3">
            <label>dipteran</label>
            <content><![CDATA[dipteran]]></content>
            <node id="insect-1-3-0">
              <label>mosquito</label>
              <content><![CDATA[mosquito]]></content>
            </node>
            <node id="insect-1-3-1">
              <label>fly</label>
              <content><![CDATA[fly]]></content>
            </node>
          </node>
          <node id="insect-1-4">
            <label>hymenopteran</label>
            <content><![CDATA[hymenopteran]]></content>
            <node id="insect-1-4-0">
              <label>bee</label>
              <content><![CDATA[bee]]></content>
            </node>
            <node id="insect-1-4-1">
              <label>wasp</label>
              <content><![CDATA[wasp]]></content>
            </node>
            <node id="insect-1-4-2">
              <label>ant</label>
              <content><![CDATA[ant]]></content>
            </node>
            <node id="insect-1-4-3">
              <label>sphex</label>
              <content><![CDATA[sphex]]></content>
            </node>
            <node id="insect-1-4-4">
              <label>ichneumon</label>
              <content><![CDATA[ichneumon]]></content>
            </node>
            <node id="insect-1-4-5">
              <label>ammophila</label>
              <content><![CDATA[ammophila]]></content>
            </node>
          </node>
          <node id="insect-1-5">
            <label>siphonapteran</label>
            <content><![CDATA[siphonapteran]]></content>
            <node id="insect-1-5-0">
              <label>flea</label>
              <content><![CDATA[flea]]></content>
            </node>
          </node>
        </node>
      </node>
    </nodes>
  </tree>
</treebolic>
