<?xml version="1.0" encoding="UTF-8" standalone="no"?>
<!--created Thu Jun 19 19:24:18 CEST 2008--><!DOCTYPE treebolic SYSTEM "Treebolic.dtd">

<treebolic focus-on-hover="false" popupmenu="true" statusbar="true" toolbar="true" tooltip="true" xmoveto="0.0" ymoveto="0.0">
  <tree backcolor="f8f8ff" expansion="0.9" fontface="SansSerif"  forecolor="000000" orientation="radial" preserve-orientation="true" sweep="1.1">
    <nodes backcolor="ffffff" forecolor="000080" border="true" ellipsize="false">
      <img src="item.png"/>
      <default.treeedge color="000080"/>
      <node id="root">
        <label>mammifère</label>
        <content><![CDATA[mammifère]]></content>
        <img src="mammifere.png"/>
        <node id="mammal-0">
          <label>euthérien</label>
          <content><![CDATA[euthérien]]></content>
          <node id="mammal-0-0">
            <label>carnivore</label>
            <content><![CDATA[carnivore]]></content>
            <node id="mammal-0-0-0">
              <label>chat</label>
              <content><![CDATA[chat]]></content>
            </node>
            <node id="mammal-0-0-1">
              <label>tigre</label>
              <content><![CDATA[tigre]]></content>
            </node>
            <node id="mammal-0-0-2">
              <label>chien</label>
              <content><![CDATA[chien]]></content>
            </node>
            <node id="mammal-0-0-3">
              <label>loup</label>
              <content><![CDATA[loup]]></content>
            </node>
            <node id="mammal-0-0-4">
              <label>blaireau</label>
              <content><![CDATA[blaireau]]></content>
            </node>
            <node id="mammal-0-0-5">
              <label>belette</label>
              <content><![CDATA[belette]]></content>
            </node>
            <node id="mammal-0-0-6">
              <label>ours</label>
              <content><![CDATA[ours]]></content>
            </node>
          </node>
          <node id="mammal-0-1">
            <label>rongeur</label>
            <content><![CDATA[rongeur]]></content>
            <node id="mammal-0-1-0">
              <label>rat</label>
              <content><![CDATA[rat]]></content>
            </node>
            <node id="mammal-0-1-1">
              <label>souris</label>
              <content><![CDATA[souris]]></content>
            </node>
            <node id="mammal-0-1-2">
              <label>écureuil</label>
              <content><![CDATA[écureuil]]></content>
            </node>
            <node id="mammal-0-1-3">
              <label>marmotte</label>
              <content><![CDATA[marmotte]]></content>
            </node>
            <node id="mammal-0-1-4">
              <label>lapin</label>
              <content><![CDATA[lapin]]></content>
            </node>
            <node id="mammal-0-1-5">
              <label>lièvre</label>
              <content><![CDATA[lièvre]]></content>
            </node>
          </node>
          <node id="mammal-0-2">
            <label>insectivore</label>
            <content><![CDATA[insectivore]]></content>
            <node id="mammal-0-2-0">
              <label>hérisson</label>
              <content><![CDATA[hérisson]]></content>
            </node>
            <node id="mammal-0-2-1">
              <label>taupe</label>
              <content><![CDATA[taupe]]></content>
            </node>
            <node id="mammal-0-2-2">
              <label>musaraigne</label>
              <content><![CDATA[musaraigne]]></content>
            </node>
          </node>
          <node id="mammal-0-3">
            <label>ongulé</label>
            <content><![CDATA[ongulé]]></content>
            <node id="mammal-0-3-0">
              <label>éléphant</label>
              <content><![CDATA[éléphant]]></content>
            </node>
            <node id="mammal-0-3-1">
              <label>rhinocéros</label>
              <content><![CDATA[rhinocéros]]></content>
            </node>
            <node id="mammal-0-3-2">
              <label>cheval</label>
              <content><![CDATA[cheval]]></content>
            </node>
            <node id="mammal-0-3-3">
              <label>porc</label>
              <content><![CDATA[porc]]></content>
            </node>
            <node id="mammal-0-3-4">
              <label>sanglier</label>
              <content><![CDATA[sanglier]]></content>
            </node>
            <node id="mammal-0-3-5">
              <label>otame</label>
              <content><![CDATA[hippopotame]]></content>
            </node>
            <node id="mammal-0-3-6">
              <label>boeuf</label>
              <content><![CDATA[boeuf]]></content>
            </node>
            <node id="mammal-0-3-7">
              <label>mouton</label>
              <content><![CDATA[mouton]]></content>
            </node>
            <node id="mammal-0-3-8">
              <label>cerf</label>
              <content><![CDATA[cerf]]></content>
            </node>
          </node>
          <node id="mammal-0-4">
            <label>édentés</label>
            <content><![CDATA[édentés]]></content>
            <node id="mammal-0-4-0">
              <label>tatou</label>
              <content><![CDATA[tatou]]></content>
            </node>
            <node id="mammal-0-4-1">
              <label>fourmilier</label>
              <content><![CDATA[fourmilier]]></content>
            </node>
            <node id="mammal-0-4-2">
              <label>pangolin</label>
              <content><![CDATA[pangolin]]></content>
            </node>
          </node>
          <node id="mammal-0-5">
            <label>cétacé</label>
            <content><![CDATA[cétacé]]></content>
            <node id="mammal-0-5-0">
              <label>dauphin</label>
              <content><![CDATA[dauphin]]></content>
            </node>
            <node id="mammal-0-5-1">
              <label>marsouin</label>
              <content><![CDATA[marsouin]]></content>
            </node>
            <node id="mammal-0-5-2">
              <label>cachalot</label>
              <content><![CDATA[cachalot]]></content>
            </node>
            <node id="mammal-0-5-3">
              <label>baleine</label>
              <content><![CDATA[baleine]]></content>
            </node>
          </node>
          <node id="mammal-0-6">
            <label>pinnipède</label>
            <content><![CDATA[pinnipède]]></content>
            <node id="mammal-0-6-0">
              <label>phoque</label>
              <content><![CDATA[phoque]]></content>
            </node>
            <node id="mammal-0-6-1">
              <label>morse</label>
              <content><![CDATA[morse]]></content>
            </node>
            <node id="mammal-0-6-2">
              <label>otarie</label>
              <content><![CDATA[otarie]]></content>
            </node>
          </node>
          <node id="mammal-0-7">
            <label>chéiroptère</label>
            <content><![CDATA[chéiroptère]]></content>
            <node id="mammal-0-7-0">
              <label>chauve-souris</label>
              <content><![CDATA[chauve-souris]]></content>
            </node>
          </node>
          <node id="mammal-0-8">
            <label>primate</label>
            <content><![CDATA[primate]]></content>
            <node id="mammal-0-8-0">
              <label>lémurien</label>
              <content><![CDATA[lémurien]]></content>
            </node>
            <node id="mammal-0-8-1">
              <label>singe</label>
              <content><![CDATA[singe]]></content>
            </node>
            <node id="mammal-0-8-2">
              <label>hominien</label>
              <content><![CDATA[hominien]]></content>
            </node>
          </node>
          <node id="mammal-0-9">
            <label>sirénien</label>
            <content><![CDATA[sirénien]]></content>
            <node id="mammal-0-9-0">
              <label>lamantin</label>
              <content><![CDATA[lamantin]]></content>
            </node>
          </node>
        </node>
        <node id="mammal-1">
          <label>métathérien</label>
          <content><![CDATA[métathérien]]></content>
          <node id="mammal-1-0">
            <label>kangourou</label>
            <content><![CDATA[kangourou]]></content>
          </node>
          <node id="mammal-1-1">
            <label>sarigue</label>
            <content><![CDATA[sarigue]]></content>
          </node>
        </node>
        <node id="mammal-2">
          <label>prothérien</label>
          <content><![CDATA[prothérien]]></content>
          <node id="mammal-2-0">
            <label>ornithorhynque</label>
            <content><![CDATA[ornithorhynque]]></content>
          </node>
          <node id="mammal-2-1">
            <label>echidné</label>
            <content><![CDATA[echidné]]></content>
          </node>
        </node>
      </node>
    </nodes>
  </tree>
</treebolic>
