<?xml version="1.0" encoding="UTF-8" standalone="no"?>
<!--created Sun Sep 14 08:51:55 CEST 2014--><!DOCTYPE treebolic SYSTEM "Treebolic.dtd">

<treebolic focus-on-hover="true" statusbar="true" toolbar="true">
  <tree backcolor="cccccc" expansion="0.9" fontface="SansSerif"  forecolor="999999" orientation="radial" sweep="1.2">
    <nodes backcolor="ffffff" forecolor="666666">
      <default.treeedge color="666666" stroke="solid" toterminator="tf"/>
      <node backcolor="cc0033" forecolor="ffffff" id="ID1">
        <label>Queen Victoria</label>
        <content><![CDATA[Queen Victoria, 1819-1901, 
m. Prince Albert of Saxe-Coburg & Gotha (Prince Consort)]]></content>
        <img src="victoria.png"/>
        <a href="http://en.wikipedia.org/wiki/Queen_Victoria"/>
        <node id="ID2">
          <label>Princess Alice</label>
          <content><![CDATA[Princess Alice, 1843-78, 
m. Grand Duke Louis of Hesse]]></content>
          <img src="p-alice.png"/>
          <node id="ID3">
            <label>Princess Victoria</label>
            <content><![CDATA[Princess Victoria, 1863-1950, 
m. Marquess of Milford Haven]]></content>
          </node>
        </node>
        <node backcolor="666666" forecolor="ffffff" id="ID4">
          <label>King Edward VII</label>
          <content><![CDATA[King Edward VII, 1841-1910, 
m. Princess Alexandra of Denmark,
(QUEEN ALEXANDRA 1844-1925)]]></content>
          <treeedge color="000000"/>
          <img src="edward7.png"/>
          <a href="http://en.wikipedia.org/wiki/Edward_VII"/>
          <node backcolor="666666" forecolor="ffffff" id="ID5">
            <label>King George V</label>
            <content><![CDATA[King George V, 1865-1936, 
m. Princess Mary of Teck, 
(QUEEN MARY 1867-1953)]]></content>
            <treeedge color="000000"/>
            <img src="george5.png"/>
            <a href="http://en.wikipedia.org/wiki/George_V"/>
            <node backcolor="666666" forecolor="ffffff" id="ID6">
              <label>Duke of Windsor</label>
              <content><![CDATA[Duke of Windsor, 1894-1972, 
King Edward VIII, (abdicated 1936), 
m. Wallis Simpson]]></content>
              <img src="edward8.png"/>
              <a href="http://en.wikipedia.org/wiki/Duke_of_Windsor"/>
            </node>
            <node backcolor="666666" forecolor="ffffff" id="ID7">
              <label>King George VI</label>
              <content><![CDATA[King George VI, 1895-1952, 
m. Lady Elizabeth Bowes-Lyon, 
(QUEEN ELIZABETH,The Queen Mother)]]></content>
              <treeedge color="000000"/>
              <img src="george6.png"/>
              <a href="http://en.wikipedia.org/wiki/George_VI"/>
              <node backcolor="666666" forecolor="ffffff" id="ID8">
                <label>Queen Elizabeth II</label>
                <content><![CDATA[Queen Elizabeth II, b. 1926, 
m. Philip, Duke of Edinburgh]]></content>
                <treeedge color="000000"/>
                <img src="elizabeth2.png"/>
                <a href="http://en.wikipedia.org/wiki/Elizabeth_II"/>
                <node id="ID9">
                  <label>Prince Charles</label>
                  <content><![CDATA[Charles, Prince of Wales, b. 1948, 
m. Lady Diana Spencer, (divorced 1996)]]></content>
                  <img src="p-charles.png"/>
                  <a href="http://en.wikipedia.org/wiki/Charles,_Prince_of_Wales"/>
                  <node id="ID10">
                    <label>Prince William</label>
                    <content><![CDATA[Prince William of Wales, b. 1982, 
m. Catherine, Middleton]]></content>
                    <img src="p-william.png"/>
                    <a href="http://en.wikipedia.org/wiki/Prince_William,_Duke_of_Cambridge"/>
                    <node id="ID101">
                      <label>Prince George</label>
                      <content><![CDATA[Prince George of Cambridge, b. 2013]]></content>
                      <img src="p-george.png"/>
                      <a href="http://en.wikipedia.org/wiki/Prince_George_of_Cambridge"/>
                    </node>
                    <node id="ID102">
                      <label>Princess Charlotte</label>
                      <content><![CDATA[Princess Charlotte of Cambridge, b. 2015]]></content>
                      <img src="p-charlotte.png"/>
                      <a href="http://en.wikipedia.org/wiki/Princess_Charlotte_of_Cambridge"/>
                    </node>
                  </node>
                  <node id="ID11">
                    <label>Prince Henry</label>
                    <content><![CDATA[Prince Henry of Wales, b. 1984]]></content>
                    <img src="p-harry.png"/>
                    <a href="http://en.wikipedia.org/wiki/Prince_Harry"/>
                  </node>
                </node>
                <node id="ID12">
                  <label>Princess Anne</label>
                  <content><![CDATA[Anne, Princess Royal, b. 1950, 
m. Captain Mark Phillips (divorced 1992) , 
m. Commander Timothy Laurence]]></content>
                  <img src="p-anne.png"/>
                  <a href="http://en.wikipedia.org/wiki/Anne,_Princess_Royal"/>
                  <node id="ID13">
                    <label>Peter Phillips</label>
                    <content><![CDATA[Peter Phillips, b. 1977]]></content>
                  </node>
                  <node id="ID14">
                    <label>Zara Phillips</label>
                    <content><![CDATA[Zara Phillips, b. 1981]]></content>
                  </node>
                </node>
                <node id="ID15">
                  <label>Prince Andrew</label>
                  <content><![CDATA[Andrew, Duke of York, b. 1960, 
m. Sarah Ferguson (divorced 1996)]]></content>
                  <img src="p-andrew.png"/>
                  <a href="http://en.wikipedia.org/wiki/Prince_Andrew,_Duke_of_York"/>
                  <node id="ID16">
                    <label>Princess Beatrice</label>
                    <content><![CDATA[Princess Beatrice of York, b. 1988]]></content>
                  </node>
                  <node id="ID17">
                    <label>Princess Eugenie</label>
                    <content><![CDATA[Princess Eugenie of York, b. 1990]]></content>
                  </node>
                </node>
                <node id="ID18">
                  <label>Prince Edward</label>
                  <content><![CDATA[Prince Edward, b. 1964]]></content>
                  <img src="p-edward.png"/>
                  <a href="http://en.wikipedia.org/wiki/Prince_Edward,_Earl_of_Wessex"/>
                </node>
              </node>
              <node id="ID19">
                <label>Princess Margaret</label>
                <content><![CDATA[Princess Margaret, b. 1930, 
m. Antony, Earl of Snowdon, (divorced 1978)]]></content>
                <img src="p-margaret.png"/>
                <a href="http://en.wikipedia.org/wiki/Princess_Margaret,_Countess_of_Snowdon"/>
                <node id="ID20">
                  <label>David, Viscount Linley</label>
                  <content><![CDATA[David, Viscount Linley, b. 1961, 
m. Serena Stanhope]]></content>
                </node>
                <node id="ID21">
                  <label>Lady Sarah Armstrong-Jones</label>
                  <content><![CDATA[Lady Sarah Armstrong-Jones, b. 1964, 
m. Daniel Chatto]]></content>
                  <node id="ID22">
                    <label>Samuel Chatto</label>
                    <content><![CDATA[Samuel Chatto, b. 1996]]></content>
                  </node>
                </node>
              </node>
            </node>
            <node id="ID23">
              <label>Princess Mary</label>
              <content><![CDATA[Mary, Princess Royal, 1897-1965, 
m. Earl of Harewood]]></content>
              <node id="ID24">
                <label>2 sons</label>
                <content><![CDATA[2 sons]]></content>
              </node>
            </node>
            <node id="ID25">
              <label>Henry, Duke of Gloucester</label>
              <content><![CDATA[Henry, Duke of Gloucester, 1900-74, 
m. Lady Alice Montagu Douglas Scott]]></content>
              <node id="ID26">
                <label>Prince William</label>
                <content><![CDATA[Prince William, 1941-72]]></content>
              </node>
              <node id="ID27">
                <label>Richard, Duke of Gloucester</label>
                <content><![CDATA[Richard, Duke of Gloucester, b. 1944, 
m. Birgitte van Deurs]]></content>
                <node id="ID28">
                  <label>Alexander, Earl of Ulster</label>
                  <content><![CDATA[Alexander, Earl of Ulster, b. 1974]]></content>
                </node>
                <node id="ID29">
                  <label>Lady Davina Windsor</label>
                  <content><![CDATA[Lady Davina Windsor, b. 1977]]></content>
                </node>
                <node id="ID30">
                  <label>Lady Rose Windsor</label>
                  <content><![CDATA[Lady Rose Windsor, b. 1980]]></content>
                </node>
              </node>
            </node>
            <node id="ID31">
              <label>George, Duke of Kent</label>
              <content><![CDATA[George, Duke of Kent, 1902-42, 
m. Princess Marina of Greece]]></content>
              <node id="ID32">
                <label>Edward, Duke of Kent</label>
                <content><![CDATA[Edward, Duke of Kent, b. 1935, 
m. Katharine Worsley]]></content>
                <node id="ID33">
                  <label>George, Earl of St Andrews</label>
                  <content><![CDATA[George, Earl of St Andrews, b. 1962, 
m. Sylvana Tomaselli]]></content>
                  <node id="ID34">
                    <label>Edward, Baron Downpatrick</label>
                    <content><![CDATA[Edward, Baron Downpatrick, b. 1988]]></content>
                  </node>
                  <node id="ID35">
                    <label>Lady Marina Windsor</label>
                    <content><![CDATA[Lady Marina Windsor, b. 1992]]></content>
                  </node>
                  <node id="ID36">
                    <label>Lady Amelia Windsor</label>
                    <content><![CDATA[Lady Amelia Windsor, b. 1995]]></content>
                  </node>
                </node>
                <node id="ID37">
                  <label>Lady Helen Windsor</label>
                  <content><![CDATA[Lady Helen Windsor, b. 1964, 
m. Timothy Taylor]]></content>
                  <node id="ID38">
                    <label>Columbus Taylor</label>
                    <content><![CDATA[Columbus Taylor, b. 1994]]></content>
                  </node>
                  <node id="ID39">
                    <label>Cassius Taylor</label>
                    <content><![CDATA[Cassius Taylor, b. 1996]]></content>
                  </node>
                </node>
                <node id="ID40">
                  <label>Lord Nicholas Windsor</label>
                  <content><![CDATA[Lord Nicholas Windsor, b. 1970]]></content>
                </node>
              </node>
              <node id="ID41">
                <label>Princess Alexandra</label>
                <content><![CDATA[Princess Alexandra, b. 1936, 
m. Hon. Angus Ogilvy]]></content>
                <node id="ID42">
                  <label>James Ogilvy</label>
                  <content><![CDATA[James Ogilvy, b. 1964, 
m. Julia Rawlinson]]></content>
                  <node id="ID43">
                    <label>Flora Ogilvy</label>
                    <content><![CDATA[Flora Ogilvy, b. 1994]]></content>
                  </node>
                  <node id="ID44">
                    <label>Alexander Ogilvy</label>
                    <content><![CDATA[Alexander Ogilvy, b. 1996]]></content>
                  </node>
                </node>
                <node id="ID45">
                  <label>Marina Ogilvy</label>
                  <content><![CDATA[Marina Ogilvy, b. 1966, 
m. Paul Mowatt]]></content>
                  <node id="ID46">
                    <label>Zenouska Mowatt</label>
                    <content><![CDATA[Zenouska Mowatt, b. 1990]]></content>
                  </node>
                  <node id="ID47">
                    <label>Christian Mowatt</label>
                    <content><![CDATA[Christian Mowatt, b. 1993]]></content>
                  </node>
                </node>
              </node>
              <node id="ID48">
                <label>Prince Michael</label>
                <content><![CDATA[Prince Michael, b. 1942, 
m. Baroness Marie-Christine von Reibnitz]]></content>
                <node id="ID49">
                  <label>Lord Frederick Windsor</label>
                  <content><![CDATA[Lord Frederick Windsor, b. 1979]]></content>
                </node>
                <node id="ID50">
                  <label>Lady Gabriella Windsor</label>
                  <content><![CDATA[Lady Gabriella Windsor, b. 1981]]></content>
                </node>
              </node>
            </node>
            <node id="ID51">
              <label>Prince John</label>
              <content><![CDATA[Prince John, 1905-19]]></content>
            </node>
          </node>
          <node id="ID52">
            <label>2 brothers &amp; 3 sisters</label>
            <content><![CDATA[2 brothers & 3 sisters]]></content>
          </node>
        </node>
        <node id="ID53">
          <label>3 brothers &amp; 4 sisters</label>
          <content><![CDATA[3 brothers & 4 sisters]]></content>
          <node id="ID54">
            <label>Princess Alice</label>
            <content><![CDATA[Princess Alice, 1885-1969, 
m. Prince Andrew of Greece]]></content>
          </node>
          <node id="ID55">
            <label>2 brothers &amp; 4 sisters</label>
            <content><![CDATA[2 brothers & 4 sisters]]></content>
            <node id="ID56">
              <label>Philip, Duke of Edinburgh</label>
              <content><![CDATA[Philip, Duke of Edinburgh, b. 1921, 
m. Princess Elizabeth, 
(QUEEN ELIZABETH II)]]></content>
            </node>
            <node id="ID57">
              <label>2 brothers &amp; 1 sister</label>
              <content><![CDATA[2 brothers & 1 sister]]></content>
              <node id="ID58">
                <label>4 sisters</label>
                <content><![CDATA[4 sisters]]></content>
              </node>
            </node>
          </node>
        </node>
      </node>
    </nodes>
  </tree>
</treebolic>
