<?xml version="1.0" encoding="UTF-8" standalone="no"?>
<!--created Tue Jun 17 10:09:22 CEST 2008--><!DOCTYPE treebolic SYSTEM "Treebolic.dtd">

<treebolic toolbar="true" tooltip="true">
  <tree backcolor="48886b" expansion="0.8" forecolor="ccffcc" sweep="1.2">
    <nodes border="true" ellipsize="false" backcolor="48886b" forecolor="ccffcc">
      <img src="item.png"/>
      <node backcolor="ccffcc" forecolor="006666" id="root">
        <label>Nymphaeales</label>
        <content><![CDATA[water lilies and their relatives
]]></content>
        <img src="focus.png"/>
        <node id="nymphaeales-0">
          <label>Cabombaceae</label>
          <node id="nymphaeales-0-0">
            <label>Cabomba</label>
            <content><![CDATA[fanworts]]></content>
          </node>
          <node id="nymphaeales-0-1">
            <label>Brasenia</label>
            <content><![CDATA[watershields]]></content>
          </node>
        </node>
        <node id="nymphaeales-1">
          <label>Nymphaceae</label>
          <node id="nymphaeales-1-0">
            <label>Nuphar</label>
            <content><![CDATA[spaterdocsk, pond lilies, cow lilies]]></content>
          </node>
          <node id="nymphaeales-1-1">
            <node id="nymphaeales-1-1-0">
              <label>Barclaya</label>
            </node>
            <node id="nymphaeales-1-1-1">
              <node id="nymphaeales-1-1-1-0">
                <label>Ondinea purpurea</label>
              </node>
              <node id="nymphaeales-1-1-1-1">
                <node id="nymphaeales-1-1-1-1-0">
                  <label>Nymphaea</label>
                  <content><![CDATA[water lilies]]></content>
                </node>
                <node id="nymphaeales-1-1-1-1-1">
                  <node id="nymphaeales-1-1-1-1-1-0">
                    <label>Euryale ferox</label>
                    <content><![CDATA[prickly water lily, gorgon plant]]></content>
                  </node>
                  <node id="nymphaeales-1-1-1-1-1-1">
                    <label>Victoria</label>
                    <content><![CDATA[giant water lilies]]></content>
                  </node>
                </node>
              </node>
            </node>
          </node>
        </node>
      </node>
    </nodes>
  </tree>
</treebolic>
