<?xml version="1.0" encoding="UTF-8" standalone="no"?>
<!--created Tue Jun 17 10:10:15 CEST 2008--><!DOCTYPE treebolic SYSTEM "Treebolic.dtd">

<treebolic toolbar="true" tooltip="true">
  <tree backcolor="48886b" expansion="0.8" forecolor="ccffcc" sweep="1.2">
    <nodes border="true" ellipsize="false" backcolor="48886b" forecolor="ccffcc">
      <img src="item.png"/>
      <node backcolor="ccffcc" forecolor="006666" id="root">
        <label>Pinaceae</label>
        <img src="focus.png"/>
        <node id="pinaceae-0">
          <label>Pinus</label>
          <node id="pinaceae-0-0">
            <label>Pinus Pinus</label>
          </node>
          <node id="pinaceae-0-1">
            <node id="pinaceae-0-1-0">
              <label>Pinus Strobus</label>
            </node>
            <node id="pinaceae-0-1-1">
              <label>Pinus Ducampopinus</label>
              <content><![CDATA[P. krempfii]]></content>
            </node>
          </node>
        </node>
        <node id="pinaceae-1">
          <label>Picea</label>
        </node>
        <node id="pinaceae-2">
          <label>Cathaya</label>
        </node>
        <node id="pinaceae-3">
          <label>Larix</label>
        </node>
        <node id="pinaceae-4">
          <label>Pseudotsuga</label>
        </node>
        <node id="pinaceae-5">
          <label>Cedrus</label>
        </node>
        <node id="pinaceae-6">
          <label>Abies</label>
        </node>
        <node id="pinaceae-7">
          <label>Keteleeria</label>
        </node>
        <node id="pinaceae-8">
          <label>Tsuga</label>
          <content><![CDATA[(s.l.)]]></content>
        </node>
        <node id="pinaceae-9">
          <label>Pseudolarix</label>
        </node>
      </node>
    </nodes>
  </tree>
</treebolic>
