<?xml version="1.0" encoding="UTF-8" standalone="no"?>
<!--created Tue Jun 17 10:11:40 CEST 2008--><!DOCTYPE treebolic SYSTEM "Treebolic.dtd">

<treebolic toolbar="true" tooltip="true">
  <tree backcolor="48886b" expansion="0.8" forecolor="ccffcc" sweep="1.2">
    <nodes border="true" ellipsize="false" backcolor="48886b" forecolor="ccffcc">
      <img src="item.png"/>
      <node backcolor="ccffcc" forecolor="006666" id="root">
        <label>Santalales</label>
        <img src="focus.png"/>
        <node id="santalales-0">
          <label>Olacaceae</label>
        </node>
        <node id="santalales-1">
          <node id="santalales-1-0">
            <label>Santalaceae</label>
            <content><![CDATA[incl. Viscaceae]]></content>
          </node>
          <node id="santalales-1-1">
            <label>Opiliaceae</label>
          </node>
          <node id="santalales-1-2">
            <node id="santalales-1-2-0">
              <label>Loranthaceae</label>
              <content><![CDATA[mistletoe family]]></content>
            </node>
            <node id="santalales-1-2-1">
              <label>Schoepfia</label>
            </node>
            <node id="santalales-1-2-2">
              <label>Misodendraceae</label>
            </node>
          </node>
        </node>
      </node>
    </nodes>
  </tree>
</treebolic>
