<?xml version="1.0" encoding="UTF-8" standalone="no"?>
<!--created Tue Jun 17 10:12:30 CEST 2008--><!DOCTYPE treebolic SYSTEM "Treebolic.dtd">

<treebolic>
  <tree backcolor="48886b" expansion="0.8" forecolor="ccffcc" sweep="1.2">
    <nodes border="true" ellipsize="false" backcolor="48886b" forecolor="ccffcc">
      <img src="item.png"/>
      <node backcolor="ccffcc" forecolor="006666" id="root">
        <label>Spermatopsida</label>
        <content><![CDATA[Seed plants]]></content>
        <img src="focus.png"/>
        <node id="spermatopsida-0">
          <label>Calamopityaceae (†)</label>
        </node>
        <node id="spermatopsida-1">
          <label>Hydraspermaceae (†)</label>
        </node>
        <node id="spermatopsida-2">
          <node id="spermatopsida-2-0">
            <label>Lyginopteridaceae (†)</label>
          </node>
          <node id="spermatopsida-2-1">
            <node id="spermatopsida-2-1-0">
              <label>Medullosaceae</label>
            </node>
            <node id="spermatopsida-2-1-1">
              <node id="spermatopsida-2-1-1-0">
                <label>Cycads</label>
              </node>
              <node id="spermatopsida-2-1-1-1">
                <label>Callistophytaceae (†)</label>
              </node>
              <node id="spermatopsida-2-1-1-2">
                <node forecolor="00ccff" id="spermatopsida-2-1-1-2-0">
                  <label>Conifers</label>
                  <mountpoint>
                    <a href="conifers.xml"/>
                  </mountpoint>
                </node>
                <node id="spermatopsida-2-1-1-2-1">
                  <label>Cordaitopsida (†)</label>
                </node>
              </node>
              <node id="spermatopsida-2-1-1-3">
                <label>Glossopteridaceae (†)</label>
              </node>
              <node id="spermatopsida-2-1-1-4">
                <label>Czekanowskiaceae (†)</label>
              </node>
              <node id="spermatopsida-2-1-1-5">
                <label>Ginkgos</label>
              </node>
              <node id="spermatopsida-2-1-1-6">
                <label>Peltaspermaceae (†)</label>
              </node>
              <node id="spermatopsida-2-1-1-7">
                <label>Corystospermaceae (†)</label>
              </node>
              <node id="spermatopsida-2-1-1-8">
                <label>Caytoniceae (†)</label>
              </node>
              <node id="spermatopsida-2-1-1-9">
                <node id="spermatopsida-2-1-1-9-0">
                  <label>Pentoxylales</label>
                </node>
                <node id="spermatopsida-2-1-1-9-1">
                  <label>Bennettitales (†)</label>
                </node>
                <node forecolor="00ccff" id="spermatopsida-2-1-1-9-2">
                  <label>Gnetales</label>
                  <mountpoint>
                    <a href="gnetales.xml"/>
                  </mountpoint>
                </node>
                <node forecolor="00ccff" id="spermatopsida-2-1-1-9-3">
                  <label>Angiosperms</label>
                  <content><![CDATA[Flowering plants]]></content>
                  <mountpoint>
                    <a href="angiosperms.xml"/>
                  </mountpoint>
                </node>
              </node>
            </node>
          </node>
        </node>
      </node>
    </nodes>
  </tree>
</treebolic>
